state_orig_n,dist_raw_n,branch_density,deposits_pc,child_marriage,teen_pregnancy,literacy,schooling_10plus
ANDAMAN AND NICOBAR ISLANDS,NORTH AND MIDDLE ANDAMAN,7.575972802257639,26004.52664374935,15.38,3.83,84.01,41.03
ANDAMAN AND NICOBAR ISLANDS,SOUTH ANDAMAN,18.896288768885793,92281.07599667425,17.06,2.81,86.67,57.5
ANDHRA PRADESH,SRIKAKULAM,7.731823371119383,15368.941154535103,25.4,5.46,64.32,42.51
ANDHRA PRADESH,VIZIANAGARAM,8.743965597400527,16105.105025690198,33.72,12.74,58.32,37.63
ANDHRA PRADESH,VISAKHAPATNAM,12.562377799411689,64347.10945280473,25.41,9.5,69.54,45.98
ANDHRA PRADESH,EAST GODAVARI,10.82592074649962,27404.906509055745,25.99,6.22,77.87,43.21
ANDHRA PRADESH,WEST GODAVARI,11.37932103045848,24375.877261830556,22.09,13.35,76.97,46.47
ANDHRA PRADESH,KRISHNA,13.414802060832365,42143.065543483215,25.32,9.6,76.85,46.17
ANDHRA PRADESH,GUNTUR,11.8867067950431,26706.627278907767,35.37,20.7,68.48,32.61
ANDHRA PRADESH,PRAKASAM,10.50788709643238,18022.056555390987,37.28,16.42,62.83,34.54
ANDHRA PRADESH,KURNOOL,8.733273253018469,18666.75482174131,36.94,12.37,56.97,33.38
ANDHRA PRADESH,ANANTAPUR,8.79654450169413,24548.72991619025,37.29,13.6,63.55,31.25
ANDHRA PRADESH,CHITTOOR,10.421498089152443,47257.061702935076,28.06,19.73,69.32,40.33
ARUNACHAL PRADESH,TAWANG,12.00552254036857,123476.79932769074,11.92,1.41,59.08,39.24
ARUNACHAL PRADESH,WEST KAMENG,10.72105018642715,46303.024527380374,12.46,1.37,73.69,43.58
ARUNACHAL PRADESH,EAST KAMENG,2.5416190113102046,11856.652687762104,26.51,8.05,62.16,31.84
ARUNACHAL PRADESH,UPPER SUBANSIRI,4.793404275716614,16189.722941232863,26.66,13.19,64.31,31.8
ARUNACHAL PRADESH,UPPER SIANG,5.662514156285391,21489.241223103058,17.05,7.06,74.37,34.75
ARUNACHAL PRADESH,LOWER SUBANSIRI,7.226303745634108,20089.12441286282,16.01,2.01,76.8,49.91
ARUNACHAL PRADESH,DIBANG VALLEY,12.493753123438282,27861.069465267366,20.71,0.67,77.83,43.17
ARUNACHAL PRADESH,LOWER DIBANG VALLEY,3.6982248520710064,27921.597633136094,13.79,1.55,81.56,51.89
ARUNACHAL PRADESH,ANJAW,9.44867009968347,11338.404119620163,21.8,5.06,67.89,28.81
ARUNACHAL PRADESH,EAST SIANG,14.110911766484568,38230.49166448283,14.91,4.59,83.76,55.56
ARUNACHAL PRADESH,KURUNG KUMEY,2.1721186845649245,4235.631434901603,19.8,7.65,76.45,34.66
ARUNACHAL PRADESH,LOHIT,4.803535402055913,26590.999547095234,20.0,5.4,73.43,37.25
ARUNACHAL PRADESH,TIRAP,1.7861129716454565,14315.695467738335,12.04,4.04,75.09,40.2
ARUNACHAL PRADESH,WEST SIANG,8.016103461175339,36473.27074834779,18.89,4.71,77.92,46.29
ASSAM,KOKRAJHAR,3.6070888313257625,13783.588196703571,36.21,11.29,73.73,27.54
ASSAM,GOALPARA,4.364287039158565,9384.209017608906,41.77,13.34,74.06,23.38
ASSAM,BARPETA,4.074108626364088,10104.379843908499,40.09,14.16,74.79,31.66
ASSAM,MORIGAON,3.968987584380154,7689.391209528077,39.09,11.56,78.68,24.45
ASSAM,LAKHIMPUR,5.373573723992143,10449.681759691864,36.33,8.19,83.86,42.11
ASSAM,DHEMAJI,3.06063110213326,7094.83438342129,32.04,10.81,81.47,43.64
ASSAM,TINSUKIA,7.1539969380893105,26104.55830093326,19.82,6.1,70.51,25.64
ASSAM,DIBRUGARH,8.89669653594303,46643.57044034878,23.02,4.81,76.58,33.65
ASSAM,GOLAGHAT,5.811294156462534,14003.344306056493,20.74,9.5,75.12,27.86
ASSAM,CACHAR,5.988654953855686,24829.884770217035,29.86,8.47,77.18,25.83
ASSAM,KARIMGANJ,4.394938983597111,14766.181107296738,27.67,9.91,80.66,19.58
ASSAM,HAILAKANDI,4.246954327039751,11368.186671843907,32.94,10.36,82.19,25.31
ASSAM,BONGAIGAON,5.143448059295835,15954.163756557897,41.66,15.37,75.76,28.6
ASSAM,CHIRANG,3.5257859391656745,15245.913199298162,30.85,13.73,71.47,23.03
ASSAM,KAMRUP,5.469370864200134,13908.67600369545,21.94,15.72,79.6,39.19
ASSAM,KAMRUP METROPOLITAN,21.452416307664336,248697.30401343608,21.86,10.06,86.01,49.05
ASSAM,NALBARI,6.738902517887251,14690.807488994205,28.11,8.63,83.88,41.62
ASSAM,BAKSA,2.947135752440597,4596.479225324317,24.9,12.26,74.8,27.78
ASSAM,DARRANG,4.092622509423801,9039.31071620894,42.76,16.05,75.55,27.51
ASSAM,UDALGURI,3.4869683575657593,6702.193663817773,32.03,4.65,70.02,23.82
ASSAM,BISWANATH,5.40509638222347,14849.982589353,25.26,8.99,69.15,23.01
ASSAM,DHUBRI,2.82158647033897,7107.832826644805,50.78,22.39,69.52,20.43
ASSAM,HOJAI,4.1788135569211065,12606.9138824436,30.91,15.64,83.24,23.06
ASSAM,JORHAT,7.873612046992646,30446.159142179124,24.91,12.94,85.09,42.94
ASSAM,KARBI ANGLONG,5.751255080711023,10743.34449076819,26.13,9.09,78.78,30.26
ASSAM,MAJULI,7.873612046992646,30446.159142179124,25.46,10.36,83.36,41.71
ASSAM,NAGAON,4.1788135569211065,12606.9138824436,42.57,14.96,78.44,22.13
ASSAM,SONITPUR,5.40509638222347,14849.982589353,24.02,6.51,76.91,24.25
ASSAM,SOUTH SALMARA MANCACHAR,2.82158647033897,7107.832826644805,44.72,22.0,63.46,20.89
ASSAM,WEST KARBI ANGLONG,5.751255080711023,10743.34449076819,21.34,6.02,73.89,21.69
BIHAR,SHEOHAR,4.114310791989589,6090.70379095644,34.61,3.26,52.5,20.99
BIHAR,SITAMARHI,3.738782921005943,7913.659818657345,46.75,13.06,51.74,19.17
BIHAR,MADHUBANI,4.479229412091112,9056.06591286361,39.18,10.17,53.15,26.48
BIHAR,SUPAUL,3.9029624831095937,7924.80830622195,55.91,17.04,42.14,16.22
BIHAR,ARARIA,3.3433289383970304,6830.349886486869,52.03,13.28,43.65,16.77
BIHAR,KISHANGANJ,3.8452437292948414,6299.100804543304,36.56,10.03,48.03,14.99
BIHAR,PURNIA,4.073982293186433,8898.741323260081,51.18,21.43,47.52,19.23
BIHAR,KATIHAR,4.037734583424643,8631.634543340359,49.36,16.05,49.69,19.83
BIHAR,MADHEPURA,3.696743169267875,8797.749182969803,51.99,20.79,47.63,23.23
BIHAR,SAHARSA,3.9986089050072584,9868.145871357387,51.0,23.47,43.13,20.94
BIHAR,DARBHANGA,4.901730463238927,13224.005272534943,45.07,10.27,49.38,22.72
BIHAR,MUZAFFARPUR,5.686241918975426,18149.10950952102,32.86,8.17,62.99,33.78
BIHAR,GOPALGANJ,4.839946104858213,13552.629730071521,27.96,7.56,63.31,32.91
BIHAR,SIWAN,4.894212938497459,16487.79269194923,21.29,2.58,70.9,38.85
BIHAR,SARAN,4.453596810819811,15663.249374598607,26.24,6.15,65.56,35.54
BIHAR,VAISHALI,4.806838070500864,12823.957280943376,44.86,8.06,62.41,33.96
BIHAR,SAMASTIPUR,4.646179362234446,11401.677223818662,49.77,14.92,54.25,26.48
BIHAR,BEGUSARAI,4.645618424388015,13890.399088920167,49.48,12.08,62.31,34.07
BIHAR,KHAGARIA,4.139455247689404,8646.662099267736,44.85,15.08,51.82,26.63
BIHAR,BHAGALPUR,6.155839521543134,21420.675588573973,42.36,14.27,65.56,35.13
BIHAR,BANKA,3.44020409256508,8034.842387049499,49.41,19.15,55.73,22.56
BIHAR,MUNGER,6.6531896926738145,23577.88070319097,34.65,9.58,69.5,44.43
BIHAR,LAKHISARAI,5.095353038029318,13447.735665073453,56.08,12.96,57.89,29.96
BIHAR,SHEIKHPURA,5.500187006358217,12901.867234914558,46.13,10.2,55.01,28.26
BIHAR,NALANDA,5.212581225046939,14849.601393913721,41.95,9.95,56.07,28.8
BIHAR,PATNA,10.53359059273285,100741.54764993882,26.59,10.12,67.64,43.63
BIHAR,BHOJPUR,5.277804960916755,17670.384220536012,31.16,5.34,64.1,34.57
BIHAR,BUXAR,6.036269187131377,17271.34846737367,30.8,7.19,68.14,33.31
BIHAR,ROHTAS,4.8987843582153285,14207.488180415809,30.34,4.55,76.51,42.56
BIHAR,AURANGABAD,4.527428936097506,14129.908864823963,27.31,7.34,67.56,36.87
BIHAR,GAYA,4.827597828309671,15989.82378812493,42.83,7.21,59.4,30.73
BIHAR,NAWADA,3.9204270471613856,10374.711713424895,43.32,9.44,62.1,37.25
BIHAR,JAMUI,3.8059423825767364,10125.510890959751,51.85,15.36,48.68,20.64
BIHAR,JEHANABAD,5.242985729303758,13264.753895138509,41.6,11.97,63.18,30.53
BIHAR,ARWAL,4.8513005052486795,11500.435903618927,37.47,8.78,62.54,32.88
CHANDIGARH,CHANDIGARH,32.308494007295465,477650.29134492396,9.72,0.76,82.96,59.61
CHHATTISGARH,KORIYA,10.016436060990989,30700.376526937383,22.89,4.96,77.08,36.95
CHHATTISGARH,JASHPUR,6.69274095922242,15116.201247198149,21.93,5.51,75.08,34.93
CHHATTISGARH,RAIGARH,7.965279413969627,23569.86420202626,11.54,1.32,75.96,38.3
CHHATTISGARH,KORBA,7.210104090698137,30152.323808260957,7.24,1.24,77.59,37.11
CHHATTISGARH,RAJNANDGAON,6.635730284887514,16634.214475910674,3.77,1.44,82.41,38.85
CHHATTISGARH,MAHASAMUND,6.3906796778322805,11612.639602460993,9.48,1.24,72.62,31.24
CHHATTISGARH,DHAMTARI,7.7521221434367655,16303.213004559999,5.84,0.98,83.69,40.92
CHHATTISGARH,NARAYANPUR,5.721642111285939,13638.964382777856,11.11,2.54,53.84,26.49
CHHATTISGARH,BIJAPUR,4.701641656545077,14825.843356972142,18.27,5.24,46.29,24.19
CHHATTISGARH,BASTAR,4.457970887327263,12593.413949486236,17.29,5.96,54.62,25.32
CHHATTISGARH,BILASPUR,6.006842544513519,64784.9231255554,11.19,5.2,74.32,37.38
CHHATTISGARH,DURG,5.233453912111468,33846.98935844434,4.33,0.64,84.59,52.69
CHHATTISGARH,RAIPUR,7.9726920532930174,55551.946518000565,8.79,3.31,81.31,40.1
CHHATTISGARH,SURGUJA,2.8814951230695045,9691.146097735229,18.07,6.41,73.68,37.73
GOA,NORTH GOA,42.05337845106649,297906.62194012775,7.45,2.72,92.37,71.98
GOA,SOUTH GOA,37.00020451589838,297492.5726382707,3.9,2.78,93.76,70.88
GUJARAT,KACHCHH,15.389240244679362,102775.7505719588,18.97,5.71,75.57,24.13
GUJARAT,BANAS KANTHA,5.0312353188873855,12779.658170822297,37.34,5.08,63.71,17.64
GUJARAT,PATAN,7.888466020804713,21912.819054961772,35.35,2.27,71.08,22.59
GUJARAT,MAHESANA,11.49840987801858,35014.62361871666,32.31,4.53,75.05,32.59
GUJARAT,GANDHINAGAR,14.011106855886066,122818.48862549604,32.6,5.02,81.78,37.86
GUJARAT,PORBANDAR,11.785825921643045,79856.65702734141,9.96,1.87,84.33,35.93
GUJARAT,AMRELI,9.510035068254314,22921.165771798784,10.51,1.64,77.17,27.18
GUJARAT,ANAND,12.806146950536258,89930.21127753262,27.95,7.0,75.89,32.22
GUJARAT,DOHAD,4.137115283538137,10771.543792775656,29.87,7.36,56.1,23.13
GUJARAT,NARMADA,7.115062417732091,15090.708575513681,29.49,12.02,67.29,22.59
GUJARAT,BHARUCH,13.34606474840089,62333.859224161664,16.77,5.03,74.01,31.52
GUJARAT,NAVSARI,15.642955555956656,96468.90360931116,15.73,3.34,84.05,47.65
GUJARAT,VALSAD,10.14259432319582,50549.98657425376,19.35,6.45,82.93,45.59
GUJARAT,SURAT,8.96186717296009,60567.58711345987,13.14,4.35,84.18,43.95
GUJARAT,TAPI,5.576056166994208,17225.05706164144,25.25,9.85,72.02,32.49
GUJARAT,BHAVNAGAR,6.978282266309999,35870.80109638882,17.96,1.49,74.24,26.25
GUJARAT,BOTAD,6.978282266309999,35870.80109638882,12.96,2.22,71.82,22.0
GUJARAT,JAMNAGAR,11.341967734185015,52941.99069588296,6.81,1.02,83.14,35.26
GUJARAT,JUNAGADH,8.567006017319205,31629.02166249496,11.23,4.95,82.79,34.96
GUJARAT,KHEDA,8.304763064240168,37969.289768836265,49.17,10.43,70.92,24.19
GUJARAT,PANCH MAHALS,4.350052033314706,13927.277168584593,34.07,10.45,71.67,28.41
GUJARAT,RAJKOT,11.48622257828636,61330.3831877448,12.11,1.76,84.68,42.59
GUJARAT,SABAR KANTHA,5.435254791980035,13182.139917458244,26.96,6.11,74.52,31.1
GUJARAT,SURENDRANAGAR,9.110226912976835,24602.167778493942,19.52,6.3,75.07,23.28
GUJARAT,VADODARA,13.611399583159889,124810.29261868444,22.77,10.31,84.57,46.41
HARYANA,PANCHKULA,30.465371918053492,334436.73803165194,7.4,1.37,87.86,60.28
HARYANA,AMBALA,19.674746310985068,78956.88394558425,6.43,0.75,88.85,55.34
HARYANA,YAMUNANAGAR,13.506780156563348,49001.61010702476,6.9,2.34,87.05,51.18
HARYANA,KURUKSHETRA,16.58624067671862,48840.25895268257,11.68,3.9,83.92,48.4
HARYANA,KAITHAL,11.356189681877755,20271.72941737162,11.03,4.69,73.95,45.9
HARYANA,KARNAL,15.478395348775413,46414.59247311542,6.61,3.11,84.46,46.78
HARYANA,PANIPAT,14.351641769748232,47370.372736194426,11.92,5.71,85.89,52.12
HARYANA,SONIPAT,14.965506920340056,57535.82238908801,15.51,2.91,89.13,56.82
HARYANA,JIND,9.968879108227549,20051.688263406268,8.68,1.93,83.56,45.28
HARYANA,FATEHABAD,12.844860622646658,21187.650674992117,11.68,2.05,73.2,41.51
HARYANA,SIRSA,12.198991807373286,24220.403354259495,8.88,5.64,73.12,44.65
HARYANA,HISAR,11.869735671881514,34985.32912139299,8.88,3.61,79.76,43.85
HARYANA,ROHTAK,15.642609715002958,78337.43559202566,12.4,1.68,88.53,55.91
HARYANA,JHAJJAR,12.8338228619425,45446.34053453394,7.72,1.29,89.14,62.66
HARYANA,MAHENDRAGARH,10.844951891793409,27812.963621693376,13.38,9.55,82.73,52.42
HARYANA,REWARI,13.994837459959214,56462.50494262117,5.75,4.72,87.41,58.72
HARYANA,GURGAON,32.157270844778765,406016.9093098931,20.68,6.89,87.07,59.55
HARYANA,MEWAT,5.324701197047912,11060.689658971249,28.69,7.6,45.06,13.89
HARYANA,FARIDABAD,13.869449250248518,112551.40951731554,15.33,2.77,84.39,55.55
HARYANA,PALWAL,8.343659010959923,20764.20244210268,23.75,4.72,71.14,39.4
HARYANA,BHIWANI,10.278718464065784,25104.54619152067,15.03,3.36,80.03,47.02
HIMACHAL PRADESH,CHAMBA,14.255991369345764,34154.6582415042,3.76,1.99,84.09,50.92
HIMACHAL PRADESH,KANGRA,16.356803470026325,66591.39446716223,1.53,0.82,94.43,69.85
HIMACHAL PRADESH,LAHUL AND SPITI,41.18616144975289,73279.68571790648,11.17,3.1,86.22,55.91
HIMACHAL PRADESH,MANDI,16.203613405789493,50025.15560970096,6.27,6.25,93.96,71.84
HIMACHAL PRADESH,HAMIRPUR,19.35052598247898,77371.31900221652,3.53,2.75,94.84,76.12
HIMACHAL PRADESH,UNA,18.419987221133866,63420.39975209767,1.64,2.13,92.52,66.82
HIMACHAL PRADESH,BILASPUR,18.326718260742076,53817.71722397344,10.03,3.19,91.23,64.24
HIMACHAL PRADESH,SOLAN,28.43258891645988,85644.12737799835,13.34,5.75,90.98,62.34
HIMACHAL PRADESH,SIRMAUR,15.475932094629664,32478.697002009983,4.97,1.75,84.93,55.64
HIMACHAL PRADESH,KINNAUR,32.096622722031356,62017.8076817917,27.87,9.25,89.11,56.09
JAMMU AND KASHMIR,KUPWARA,7.238434016503629,12545.470004159228,3.09,0.0,76.01,44.92
JAMMU AND KASHMIR,BADGAM,8.623606126740476,15267.762970235292,1.54,1.03,74.12,48.18
JAMMU AND KASHMIR,RAJOURI,8.405781309589596,27368.601293556345,12.23,4.06,79.41,46.38
JAMMU AND KASHMIR,KATHUA,11.680063591457332,39861.461467956884,1.44,0.0,87.65,64.85
JAMMU AND KASHMIR,SRINAGAR,15.200161057025667,131419.13716447464,1.74,1.61,78.42,60.52
JAMMU AND KASHMIR,GANDERBAL,10.0858643249531,21445.909509625275,5.3,0.41,63.99,34.25
JAMMU AND KASHMIR,PULWAMA,8.92156163014774,23765.25587038755,0.51,0.0,76.59,49.43
JAMMU AND KASHMIR,ANANTNAG,7.972618690043126,21864.44323310083,2.54,0.65,74.66,52.77
JAMMU AND KASHMIR,KULGAM,8.480905006796503,18662.70262884497,3.66,1.06,70.88,42.4
JAMMU AND KASHMIR,DODA,8.537918114047072,23376.81979626088,11.03,2.71,69.24,46.75
JAMMU AND KASHMIR,RAMBAN,7.049377363744347,21095.26176100496,5.5,2.02,62.21,35.49
JAMMU AND KASHMIR,KISHTWAR,8.66941776190311,29965.842494018103,7.22,1.76,71.28,47.97
JAMMU AND KASHMIR,UDHAMPUR,10.81110300278386,38588.43031793652,6.05,1.04,77.33,43.66
JAMMU AND KASHMIR,REASI,10.805073299710488,38342.12040029619,9.61,2.22,68.19,41.88
JAMMU AND KASHMIR,JAMMU,19.281575049772606,126251.17813691618,5.26,0.0,91.54,70.8
JAMMU AND KASHMIR,SAMBA,18.187633663428432,55008.18443514854,6.25,1.29,84.83,60.61
JHARKHAND,GARHWA,3.7043084887630933,8952.330841618888,31.32,8.69,62.74,31.04
JHARKHAND,CHATRA,4.410836850815909,11400.095504206596,31.65,11.59,61.81,27.67
JHARKHAND,GIRIDIH,5.193267235717902,14360.81512213992,45.59,12.33,57.32,24.97
JHARKHAND,DEOGHAR,7.171230898220127,20212.81800555335,49.16,20.24,54.22,19.73
JHARKHAND,GODDA,5.938102136879345,11663.041632947636,48.51,16.14,50.44,19.55
JHARKHAND,PAKUR,5.330833764612593,6787.928326940035,43.38,14.35,46.68,13.6
JHARKHAND,DHANBAD,8.1207321920352,56727.784489178004,28.33,10.88,71.97,37.88
JHARKHAND,BOKARO,8.631014435129199,50485.130895637456,26.26,5.89,72.56,44.96
JHARKHAND,PURBI SINGHBHUM,11.552282360449519,66371.13167465809,19.84,3.66,77.36,46.76
JHARKHAND,LATEHAR,4.676895311825117,11370.357837513653,32.19,8.81,58.74,26.53
JHARKHAND,DUMKA,7.189116132225251,14494.014871632657,43.08,14.87,55.62,19.11
JHARKHAND,JAMTARA,6.700023513290065,12884.271631594782,50.54,14.9,57.37,21.39
JHARKHAND,RANCHI,11.87268229628656,89060.21543084968,20.89,5.45,78.4,49.45
JHARKHAND,KHUNTI,11.87268229628656,89060.21543084968,21.71,4.32,59.89,29.27
JHARKHAND,GUMLA,5.657360958161865,12727.111341740692,20.85,7.19,69.27,33.34
JHARKHAND,SIMDEGA,6.337790912942102,12482.112419068078,15.89,4.97,68.78,29.74
KARNATAKA,BELGAUM,10.251773085999195,29696.2483322562,32.8,9.1,73.99,47.8
KARNATAKA,BIJAPUR,8.496641071109538,18199.80517431663,39.24,11.76,66.61,37.13
KARNATAKA,BIDAR,8.39546762167557,13718.663770328187,19.24,3.96,73.79,44.98
KARNATAKA,RAICHUR,9.124787693149981,17455.304093918952,21.9,8.87,54.28,31.67
KARNATAKA,KOPPAL,9.209163117301715,15458.443651433176,27.06,8.51,59.8,34.36
KARNATAKA,GADAG,12.399372516602948,21499.760466667292,27.69,2.04,70.67,45.12
KARNATAKA,DHARWAD,16.621341477610187,62524.938779863594,17.78,3.29,81.76,51.36
KARNATAKA,HAVERI,10.202369954208258,15169.609706146708,16.54,4.15,71.52,39.99
KARNATAKA,CHITRADURGA,10.66614601411547,16920.002699679895,20.69,7.8,75.61,48.28
KARNATAKA,TUMKUR,8.88397823052057,19085.995416165853,24.8,4.65,81.87,58.92
KARNATAKA,MANDYA,9.857296254393557,15671.993483108858,13.13,5.93,78.3,52.54
KARNATAKA,HASSAN,14.016947559165311,25496.771317159615,16.15,6.37,82.04,51.26
KARNATAKA,KODAGU,24.886433106890838,55500.35255780235,12.83,3.19,88.5,58.86
KARNATAKA,MYSORE,12.895155719834582,60581.24164688799,17.5,6.99,78.92,49.64
KARNATAKA,CHAMARAJANAGAR,9.60039812263235,12585.338232801818,19.29,6.14,72.36,41.69
KARNATAKA,GULBARGA,8.260836698065638,22005.777909743345,29.84,4.93,68.24,42.03
KARNATAKA,YADGIR,7.7494888317943635,10077.741850049946,33.19,6.91,48.05,26.43
KARNATAKA,KOLAR,8.72168138396161,19357.57657017927,26.69,9.02,78.28,55.01
KARNATAKA,CHIKKABALLAPURA,10.039008719596145,16058.430217734945,27.06,5.3,76.32,47.96
KARNATAKA,RAMANAGARA,12.561932172955638,33219.84489708452,11.81,5.73,82.67,54.45
KERALA,KASARAGOD,14.609427287503586,32524.715555980496,4.74,3.66,95.91,68.31
KERALA,KANNUR,13.317463356167234,53388.75934749186,5.38,2.35,99.08,74.1
KERALA,WAYANAD,12.845293729049937,20260.086613980573,8.42,2.57,93.72,68.04
KERALA,KOZHIKODE,12.377308311297728,48280.898799951916,4.23,3.79,99.05,84.28
KERALA,MALAPPURAM,9.385059762893517,28881.913579646578,15.27,2.58,99.15,69.51
KERALA,PALAKKAD,12.740512766492024,42692.817696074,14.12,4.38,94.4,63.16
KERALA,THRISSUR,19.415609381007304,94548.25067281815,1.0,1.02,99.41,79.18
KERALA,ERNAKULAM,25.926246379160535,165094.1326863247,2.85,0.0,99.32,83.76
KERALA,IDUKKI,13.886709697432039,26643.54619675484,7.08,2.72,94.38,73.23
KERALA,KOTTAYAM,22.638057968621727,100098.19954004734,1.56,2.78,99.7,85.77
KERALA,PATHANAMTHITTA,29.48024572995761,186672.59055362732,0.0,0.0,99.66,84.53
KERALA,KOLLAM,13.091116065076127,70171.03827728501,1.83,0.0,98.22,80.56
KERALA,THIRUVANANTHAPURAM,18.62830830425752,133508.3283683086,6.2,4.55,98.48,83.05
LAKSHADWEEP,LAKSHADWEEP,18.61244241775627,103950.49090316877,1.32,1.13,96.5,67.79
MADHYA PRADESH,SHEOPUR,3.925211634327284,8729.961431161237,39.49,5.16,54.76,15.93
MADHYA PRADESH,MORENA,4.221834514260136,10059.665203436472,27.79,6.71,70.71,25.59
MADHYA PRADESH,BHIND,4.345260289899326,10453.874181226714,25.06,5.54,73.79,28.91
MADHYA PRADESH,GWALIOR,9.94076876590769,54570.39146944247,11.8,3.28,78.1,37.93
MADHYA PRADESH,DATIA,6.482331198824538,13546.80116021018,27.66,5.95,71.16,27.84
MADHYA PRADESH,SHIVPURI,4.576924191072101,12323.513223834767,32.51,6.7,62.45,21.23
MADHYA PRADESH,TIKAMGARH,4.912930417682121,13476.65250912352,32.63,5.39,70.63,25.82
MADHYA PRADESH,CHHATARPUR,5.106745159231151,16095.325909638981,39.15,6.58,63.68,24.73
MADHYA PRADESH,PANNA,4.820367528430331,12169.952386573801,22.81,7.96,62.94,23.97
MADHYA PRADESH,SAGAR,6.937267759195244,26257.348248318867,21.41,6.4,74.33,32.87
MADHYA PRADESH,DAMOH,5.457915123882809,12362.573256690494,28.57,5.91,68.29,24.83
MADHYA PRADESH,SATNA,6.729671345283735,21045.476875727647,12.89,0.71,73.02,31.46
MADHYA PRADESH,REWA,6.173084842708953,22966.835313089563,28.18,4.77,67.74,23.05
MADHYA PRADESH,UMARIA,4.963102435332326,19176.187034515275,21.2,4.71,67.66,26.41
MADHYA PRADESH,NEEMUCH,7.989666697737594,18602.607294565696,29.33,4.05,68.45,27.86
MADHYA PRADESH,MANDSAUR,6.192130622622464,14450.04554573187,34.81,6.11,67.21,24.06
MADHYA PRADESH,RATLAM,7.559778952063442,20524.112602220237,31.28,7.61,63.41,23.84
MADHYA PRADESH,UJJAIN,8.354874817803333,27476.465424910813,33.35,5.07,66.31,29.01
MADHYA PRADESH,DEWAS,7.290331038584397,16176.221370262483,28.12,2.22,67.29,27.7
MADHYA PRADESH,DHAR,7.823247672583817,14715.48312214377,26.46,7.73,58.56,23.77
MADHYA PRADESH,INDORE,14.099564286841291,93428.84007889652,21.69,4.21,81.71,47.71
MADHYA PRADESH,BARWANI,5.700345123426903,9525.34885751374,29.61,8.96,52.47,19.34
MADHYA PRADESH,RAJGARH,6.016247750376177,9394.403207630414,46.0,5.35,56.5,21.34
MADHYA PRADESH,VIDISHA,6.854596864021935,13737.983034872761,22.79,7.76,68.89,21.74
MADHYA PRADESH,BHOPAL,16.659208683370018,248454.17304742476,11.3,3.67,81.28,47.42
MADHYA PRADESH,SEHORE,8.007125579182084,13168.289952506306,21.7,4.18,69.68,28.21
MADHYA PRADESH,RAISEN,8.260757571547547,13134.604538760601,12.58,1.69,78.63,34.61
MADHYA PRADESH,BETUL,6.411224848637964,18180.583256419795,11.2,2.39,76.06,38.65
MADHYA PRADESH,HARDA,9.290666386193719,20241.382030448844,9.98,3.93,73.94,30.77
MADHYA PRADESH,HOSHANGABAD,11.116929149716034,25268.45772747412,16.67,5.17,73.55,35.53
MADHYA PRADESH,KATNI,6.501336643855231,21298.069257810504,17.19,1.71,72.03,32.45
MADHYA PRADESH,JABALPUR,10.189628581948769,56523.2094163535,-7.21,-13.55,72.44,30.39
MADHYA PRADESH,NARSIMHAPUR,8.517622319467621,16352.003106642464,19.56,6.48,73.61,31.4
MADHYA PRADESH,DINDORI,4.542073797344022,9149.439905524865,21.07,8.65,66.79,25.75
MADHYA PRADESH,MANDLA,5.498125423616345,14179.475876974704,14.97,2.64,69.07,30.52
MADHYA PRADESH,CHHINDWARA,7.030391377583668,20241.309814522014,11.57,3.25,75.03,40.21
MADHYA PRADESH,SEONI,5.0756599626866485,12175.783156204885,11.17,4.74,73.74,33.01
MADHYA PRADESH,BALAGHAT,5.700188870175554,12307.706772882144,4.37,0.58,79.79,39.22
MADHYA PRADESH,GUNA,6.363172855187878,14980.842016916375,28.08,5.49,56.77,17.71
MADHYA PRADESH,ASHOKNAGAR,6.389995633502983,12355.174890630491,29.72,7.7,61.25,17.6
MADHYA PRADESH,SHAHDOL,5.440579027693485,19206.18199862485,27.51,5.78,72.07,30.74
MADHYA PRADESH,ANUPPUR,6.006110216126539,21900.94723031564,18.6,4.84,74.95,28.61
MADHYA PRADESH,SIDHI,4.880070060060353,14192.131020120973,22.97,3.64,71.7,27.14
MADHYA PRADESH,SINGRAULI,5.771158296931186,61164.09355047599,24.72,4.44,65.36,29.92
MADHYA PRADESH,JHABUA,4.390038320156715,9664.913252842794,36.48,6.69,38.6,15.99
MADHYA PRADESH,ALIRAJPUR,3.292185585988458,7340.2021127601,30.7,5.88,42.13,17.29
MADHYA PRADESH,BURHANPUR,5.937874003591753,18324.279175084153,17.76,1.81,67.6,26.27
MADHYA PRADESH,SHAJAPUR,4.429222023678489,7364.407961757965,24.43,5.91,61.98,19.61
MAHARASTRA,NANDURBAR,3.6401250989659015,12469.248526507694,24.02,10.6,57.66,29.91
MAHARASTRA,DHULE,4.924758467415165,19634.183089842223,40.51,14.98,68.75,40.76
MAHARASTRA,JALGAON,6.052128209607896,18164.186200343884,28.03,10.68,76.51,40.8
MAHARASTRA,AKOLA,7.828410071966243,20956.984540543996,13.49,5.68,87.52,52.74
MAHARASTRA,WASHIM,5.596578569280631,8898.559925156203,27.65,14.34,77.95,41.97
MAHARASTRA,AMRAVATI,7.478072111464819,21904.865766874565,9.77,3.63,87.81,55.03
MAHARASTRA,WARDHA,9.686540475132498,26375.834695342928,9.04,2.24,92.95,56.5
MAHARASTRA,NAGPUR,11.281661176258227,96779.2469007665,7.11,0.89,94.59,67.59
MAHARASTRA,BHANDARA,8.164394243602198,27303.23393322192,1.49,3.04,89.09,53.93
MAHARASTRA,GADCHIROLI,5.498899288125547,14353.991175664667,10.12,5.05,79.35,42.25
MAHARASTRA,CHANDRAPUR,8.256563173822883,25810.37940722413,9.0,3.1,87.79,57.47
MAHARASTRA,YAVATMAL,5.771281238863231,12720.264555531989,11.67,4.4,80.75,38.86
MAHARASTRA,NANDED,5.325333234958462,14511.38431293681,32.18,8.68,71.91,31.59
MAHARASTRA,HINGOLI,4.501654145556315,8289.83857747729,37.06,14.42,76.54,33.19
MAHARASTRA,PARBHANI,5.337440620973092,11601.308435443656,47.95,13.68,73.36,28.81
MAHARASTRA,JALNA,5.002434858599543,10759.318566281752,35.04,10.05,71.81,34.3
MAHARASTRA,AURANGABAD,6.997575434673716,28362.06481970301,35.83,12.37,83.1,48.36
MAHARASTRA,MUMBAI SUBURBAN,13.786526011327181,459250.2352793567,9.96,1.54,91.58,65.72
MAHARASTRA,MUMBAI,31.989255240225695,3160764.31956715,4.5,0.95,94.26,71.05
MAHARASTRA,PUNE,12.111046631983685,148470.19028129868,24.03,3.25,89.01,61.15
MAHARASTRA,AHMADNAGAR,7.395734994086713,20824.496787367556,26.89,10.76,86.19,45.73
MAHARASTRA,BID,5.106286186451398,13257.388931505748,43.71,15.19,76.27,38.56
MAHARASTRA,LATUR,5.948995108785118,14160.23822058222,30.96,14.18,83.29,40.68
MAHARASTRA,OSMANABAD,5.9725768230235,14504.31232112434,36.59,16.06,83.7,41.54
MAHARASTRA,SOLAPUR,6.554330536510169,18972.586686232386,40.31,18.64,76.44,35.96
MAHARASTRA,SATARA,8.089911879885783,21619.37397398777,18.13,7.71,87.18,48.25
MAHARASTRA,RATNAGIRI,12.56912243377837,30292.204233998673,4.38,1.19,87.2,41.22
MAHARASTRA,SINDHUDURG,14.476532129074172,36684.473978139256,5.0,1.07,92.07,49.4
MAHARASTRA,KOLHAPUR,9.05572521782115,29577.907745637836,20.95,8.83,90.74,53.78
MAHARASTRA,SANGLI,8.539609792983558,26245.657998194987,26.95,10.42,90.33,54.58
MAHARASTRA,THANE,9.683414724649255,85868.47119948124,18.37,4.03,90.49,55.92
MANIPUR,SENAPATI,3.1305567382103234,4800.186998589163,15.46,6.33,81.89,39.57
MANIPUR,TAMENGLONG,4.265877953231758,3227.847651278697,19.92,10.22,76.79,33.12
MANIPUR,CHURACHANDPUR,4.377277552226393,10815.523285292713,10.54,7.54,84.19,36.57
MANIPUR,THOUBAL,3.079342820867522,3631.2558033768546,17.54,7.51,85.4,40.72
MANIPUR,IMPHAL WEST,7.7221269826561025,54213.19248173717,15.33,10.86,92.5,61.92
MANIPUR,IMPHAL EAST,3.7271465623650277,12363.16439128023,15.15,9.52,90.03,49.94
MANIPUR,UKHRUL,3.8043891781432406,5385.9281079142165,11.14,9.83,86.89,49.72
MANIPUR,CHANDEL,2.774271406971744,5382.086529525183,22.34,9.94,80.17,43.34
MEGHALAYA,SOUTH GARO HILLS,2.107718465018899,6836.033554877963,10.18,1.09,88.57,38.42
MEGHALAYA,EAST KHASI HILLS,15.255677896944265,116397.19004942356,14.56,8.16,93.74,43.5
MEGHALAYA,EAST GARO HILLS,5.661855138290812,14333.929925106238,13.69,2.24,86.67,40.45
MEGHALAYA,WEST GARO HILLS,5.1298712402318705,14520.64462272906,10.35,1.03,88.99,45.11
MEGHALAYA,WEST KHASI HILLS,5.998002404416616,12611.452012069023,30.33,12.88,87.37,16.41
MIZORAM,MAMIT,13.89467833819647,29132.508915751932,16.82,10.31,89.63,39.97
MIZORAM,KOLASIB,13.102257161574652,17759.514025370736,13.68,2.16,96.86,41.66
MIZORAM,AIZAWL,13.989193348138562,81979.17109033272,3.24,2.0,98.86,60.67
MIZORAM,CHAMPHAI,9.543122986997496,11777.804286452742,11.04,4.55,97.73,47.8
MIZORAM,SERCHHIP,13.859586984307867,15538.136963518487,7.17,3.02,99.72,43.06
MIZORAM,LUNGLEI,9.911539509874371,18193.869712813143,4.75,3.78,91.58,46.26
MIZORAM,LAWNGTLAI,3.39287834834682,7523.7077374590735,15.97,9.2,75.99,32.15
NAGALAND,MON,1.9979221609526092,4083.752896987133,2.98,2.83,78.22,24.25
NAGALAND,MOKOKCHUNG,10.276330527895098,12516.57058297623,5.96,0.71,94.04,55.76
NAGALAND,ZUNHEBOTO,4.973109685486334,8326.406501985692,3.99,3.53,87.13,40.17
NAGALAND,WOKHA,6.6128421394347825,7189.962907967272,3.23,5.24,91.63,45.26
NAGALAND,DIMAPUR,11.087323229790053,76130.31300569413,4.41,3.28,86.62,52.45
NAGALAND,PHEK,3.0596384731180164,5678.689006107038,6.53,4.34,85.82,39.39
NAGALAND,TUENSANG,3.560601436448351,4257.462003296099,10.43,6.72,77.77,27.03
NAGALAND,LONGLENG,1.9808256081134619,6536.724506774423,11.0,6.45,82.0,23.8
NAGALAND,KIPHIRE,2.7025566185611587,4094.3732771201558,22.54,8.96,73.69,22.01
NAGALAND,KOHIMA,10.448229025180233,86141.91680224487,1.02,1.26,95.23,70.9
NAGALAND,PEREN,3.1506317016561822,5324.5675757989475,9.05,4.38,77.59,35.53
ODISHA,BARGARH,7.156093987868395,14250.078480747745,8.57,3.3,75.73,37.36
ODISHA,JHARSUGUDA,11.216469228048076,37238.67783711961,8.52,1.04,81.01,40.9
ODISHA,SAMBALPUR,12.006543085719994,176549.01214966108,7.36,0.85,76.55,36.46
ODISHA,SUNDARGARH,9.744740348049643,46861.692040410104,12.93,5.44,74.12,35.58
ODISHA,MAYURBHANJ,7.937333167178493,18715.04100823181,31.25,17.2,61.45,25.07
ODISHA,BALESHWAR,6.981166794295611,20274.25643032257,26.38,8.27,76.46,38.25
ODISHA,BHADRAK,6.373075878770819,16166.369145815312,10.42,7.16,82.58,36.96
ODISHA,KENDRAPARA,6.8732769076641205,17978.826141502028,9.38,1.8,86.74,42.5
ODISHA,CUTTACK,11.087952996223999,46741.62783342923,14.23,5.67,83.15,40.86
ODISHA,DHENKANAL,7.377530891314718,23044.723765961247,23.69,9.25,77.05,33.31
ODISHA,NAYAGARH,7.893733725665747,15930.801037402796,35.67,10.0,81.86,27.14
ODISHA,PURI,8.888993542234493,23861.943922812927,10.22,3.97,87.67,38.09
ODISHA,GANJAM,8.614262668704242,27133.510586900484,22.27,11.44,71.86,32.58
ODISHA,GAJAPATI,7.268737333792533,17387.858093479423,28.07,5.83,50.52,22.47
ODISHA,KANDHAMAL,7.229474430849395,17075.200174598627,20.0,4.21,70.32,28.12
ODISHA,BALANGIR,6.488792884401851,15636.171563683863,14.02,3.71,69.8,31.4
ODISHA,KALAHANDI,6.849015358916943,10973.010440309246,16.33,1.89,63.75,26.45
ODISHA,RAYAGADA,7.438700459029808,19656.765962986265,33.16,9.18,45.07,19.13
ODISHA,KORAPUT,6.45092549036094,19444.829003361006,35.54,8.4,41.68,17.63
ODISHA,MALKANGIRI,4.7293506764602276,13472.12618559929,32.4,11.71,41.29,13.96
PUDUCHERRY,YANAM,8.988602452090749,26013.01549635063,15.9,4.83,83.32,51.57
PUDUCHERRY,PUDUCHERRY,13.785280056909002,77590.08049130318,5.69,5.31,91.7,67.17
PUDUCHERRY,MAHE,19.131432944327532,115649.51214845992,2.76,0.7,99.69,88.18
PUDUCHERRY,KARAIKAL,20.976715845411594,54084.965688086224,7.24,0.59,89.63,58.98
PUNJAB,KAPURTHALA,26.49760540158593,145650.95783936564,6.87,2.46,85.3,60.29
PUNJAB,JALANDHAR,28.036232842053437,180534.1928072247,7.44,0.69,88.1,64.42
PUNJAB,HOSHIARPUR,18.52989836917986,97639.95903253762,4.68,1.58,92.75,73.17
PUNJAB,SHAHID BHAGAT SINGH NAGAR,23.844131240711405,113547.05949600693,6.41,2.78,89.94,65.43
PUNJAB,FATEHGARH SAHIB,21.327539351809428,58943.986883563295,7.32,1.5,87.23,62.34
PUNJAB,LUDHIANA,20.521679382200276,103982.03467020547,6.45,1.83,85.28,61.55
PUNJAB,MOGA,16.369636433387633,54815.18379185053,13.11,4.33,76.0,45.17
PUNJAB,MUKTSAR,14.081446197787772,31179.86996283385,8.61,2.73,72.73,39.81
PUNJAB,FARIDKOT,16.841887068669553,44784.84489269774,11.89,4.7,75.3,46.54
PUNJAB,BATHINDA,16.564339857042548,49432.31126555157,14.16,3.87,72.47,41.06
PUNJAB,MANSA,11.432268356910221,21775.872977105584,11.47,2.69,69.39,37.54
PUNJAB,PATIALA,17.355194900421274,86173.0265455355,7.79,5.24,78.6,56.0
PUNJAB,AMRITSAR,17.987229067362172,87091.51323988539,9.17,4.43,81.68,56.71
PUNJAB,TARN TARAN,11.968271576158845,27618.12639387939,10.72,5.2,68.61,40.38
PUNJAB,RUPNAGAR,18.550247068841866,64443.85044703174,2.43,0.55,88.93,63.98
PUNJAB,SAHIBZADA AJIT SINGH NAGAR,29.156629413207753,136495.2524964107,10.55,2.92,86.73,62.53
PUNJAB,SANGRUR,13.775028410996097,40484.08349842222,8.04,1.38,79.79,54.4
PUNJAB,BARNALA,14.440990920646756,36167.96551625703,12.75,2.63,78.75,53.08
PUNJAB,GURDASPUR,9.963786639214767,35822.64111702315,6.51,8.19,84.39,64.55
RAJASTHAN,GANGANAGAR,10.765968165235266,24175.184646510606,13.58,2.38,70.96,39.34
RAJASTHAN,HANUMANGARH,9.241040135415046,13512.203807759319,18.62,2.81,69.72,38.43
RAJASTHAN,BIKANER,9.221903967829938,28453.380948815473,33.33,6.54,64.33,30.23
RAJASTHAN,CHURU,6.962330360614391,15053.833032531244,27.85,4.18,66.04,33.35
RAJASTHAN,ALWAR,8.355608150827708,24121.307100171223,32.24,7.98,65.64,35.09
RAJASTHAN,BHARATPUR,5.925142301513619,14704.947533061117,33.46,5.14,63.05,30.3
RAJASTHAN,KARAULI,5.211733532293547,10253.399970375409,33.47,7.03,54.82,22.68
RAJASTHAN,SAWAI MADHOPUR,8.76042921610631,14135.738732553082,35.39,2.92,57.35,28.34
RAJASTHAN,DAUSA,6.852629910872982,11614.595856973378,26.25,2.96,62.18,34.58
RAJASTHAN,JAIPUR,12.254424798126461,84910.1850267228,23.07,1.83,73.75,47.88
RAJASTHAN,SIKAR,7.582172258736586,17090.515076010342,18.03,2.97,73.26,41.42
RAJASTHAN,NAGAUR,5.774330109685064,10608.44207062036,28.18,0.86,67.77,32.33
RAJASTHAN,JODHPUR,8.244816817256618,37149.68003872894,28.05,5.1,68.18,34.57
RAJASTHAN,JAISALMER,7.91140421453937,16154.191775423596,28.88,0.95,63.53,18.71
RAJASTHAN,BARMER,4.378298846548691,11585.593246051561,20.23,2.02,67.64,25.6
RAJASTHAN,JALOR,5.577641313917309,9514.253060867379,23.29,2.92,62.62,22.2
RAJASTHAN,SIROHI,7.815922481487843,22724.07091839984,17.95,4.39,62.22,25.67
RAJASTHAN,PALI,8.392337354293563,18332.103929527922,11.81,2.19,76.33,36.64
RAJASTHAN,AJMER,9.910756732733216,45355.649053909874,20.2,5.54,70.17,40.19
RAJASTHAN,TONK,8.442820295977137,14390.083626135032,37.21,3.12,56.36,27.29
RAJASTHAN,BUNDI,8.19151215314347,15357.735037887995,34.05,2.32,57.88,27.36
RAJASTHAN,BHILWARA,7.639536761741533,20867.975933798432,41.78,5.37,58.06,25.28
RAJASTHAN,RAJSAMAND,7.954369585949125,21313.38746339477,27.46,3.16,69.74,33.94
RAJASTHAN,DUNGARPUR,6.193502295916898,15392.293554724634,16.92,4.41,68.19,32.53
RAJASTHAN,BANSWARA,6.119661638344687,13605.67682066888,24.96,5.19,54.82,28.54
RAJASTHAN,CHITTAURGARH,8.676857009281647,22553.352957707444,42.64,3.45,57.49,24.84
RAJASTHAN,KOTA,9.943547304119807,46597.82041543526,13.23,0.45,77.94,44.0
RAJASTHAN,BARAN,6.951515225862908,10942.502790828907,26.77,3.02,59.74,24.43
RAJASTHAN,JHALAWAR,6.094410929121292,11003.954989232026,37.84,5.61,56.26,22.35
RAJASTHAN,UDAIPUR,8.506006348544203,43413.54834083991,18.24,4.53,64.22,30.13
RAJASTHAN,PRATAPGARH,5.991832671159004,11293.45230962104,30.86,3.19,55.36,23.47
TAMIL NADU,THIRUVALLUR,9.361326829938221,37962.99674043428,13.39,5.82,85.9,57.18
TAMIL NADU,CHENNAI,27.65384360449451,478335.74219472957,1.94,2.97,96.1,76.72
TAMIL NADU,KANCHEEPURAM,14.506339270261103,62426.530393782086,9.98,2.47,84.45,56.78
TAMIL NADU,VELLORE,7.87535397810804,22712.7749165403,14.89,4.85,84.72,52.45
TAMIL NADU,TIRUVANNAMALAI,6.572341396622547,13509.001470662812,11.64,8.49,81.66,50.17
TAMIL NADU,SALEM,9.017660830268094,26677.62953841064,23.68,8.86,83.16,51.29
TAMIL NADU,NAMAKKAL,11.525534851421956,29048.40203382252,14.24,6.52,88.93,55.66
TAMIL NADU,ERODE,13.012136370741967,38945.81266786988,13.7,14.79,83.05,57.8
TAMIL NADU,DINDIGUL,10.83446192311699,22428.262203238763,20.46,8.64,81.01,50.06
TAMIL NADU,KARUR,11.9305622488828,74132.00462567626,13.29,3.32,80.47,51.21
TAMIL NADU,PERAMBALUR,10.792200600470965,20698.025381132757,21.36,7.65,82.98,48.97
TAMIL NADU,ARIYALUR,7.683197905931164,11726.149631603907,12.4,11.54,77.44,50.7
TAMIL NADU,CUDDALORE,8.058592877585369,30996.03440481919,12.64,4.94,80.46,50.13
TAMIL NADU,NAGAPATTINAM,9.03213832781713,25363.60543165579,6.29,5.16,89.25,53.73
TAMIL NADU,THIRUVARUR,10.124363569059629,22169.192352625254,9.1,2.74,91.21,57.47
TAMIL NADU,THANJAVUR,10.100212395412923,32320.679665321357,4.14,8.43,86.37,54.33
TAMIL NADU,PUDUKKOTTAI,9.824851932066402,17724.89796674998,11.57,11.29,83.71,52.2
TAMIL NADU,SIVAGANGA,14.935393222766617,32830.98138228558,4.47,9.58,88.03,59.92
TAMIL NADU,MADURAI,11.914745715628593,48344.245309474,11.46,3.95,87.3,58.55
TAMIL NADU,THENI,11.076339253823946,18180.44640857726,16.04,13.52,86.94,56.93
TAMIL NADU,VIRUDHUNAGAR,10.348619772145017,30577.339714810572,15.47,3.56,85.25,53.52
TAMIL NADU,RAMANATHAPURAM,8.422950323064477,18543.79010598879,14.71,5.95,86.06,53.73
TAMIL NADU,DHARMAPURI,6.370935790921815,12015.18671819161,16.74,6.41,80.58,54.41
TAMIL NADU,KRISHNAGIRI,8.139124772782768,22644.853812275607,20.29,9.53,79.86,53.86
TAMIL NADU,COIMBATORE,17.697861074682372,105590.29740792846,19.75,10.3,90.57,62.8
TAMIL NADU,TIRUPPUR,10.971936046521009,39855.55768898757,10.51,5.13,87.49,55.09
TELANGANA,ADILABAD,8.062047855002794,18831.995313068288,21.41,7.83,64.84,41.04
TELANGANA,HYDERABAD,25.765071742791548,455835.5985548229,10.62,2.2,83.55,63.16
TELANGANA,KARIMNAGAR,8.738784233856222,23721.56220862444,11.87,7.57,70.26,50.8
TELANGANA,KHAMMAM,9.044209382384167,22505.06725960456,34.97,10.92,66.3,40.88
TELANGANA,MEDAK,9.000134507504727,22672.42675275147,31.81,6.54,57.71,39.33
TELANGANA,NALGONDA,8.398281476572665,12969.755581345955,28.16,6.0,62.6,40.9
TELANGANA,NIZAMABAD,10.38671910979938,19150.366376818412,23.71,3.84,63.07,42.44
TRIPURA,DHALAI,7.138513602834254,13589.61478465484,38.89,26.91,71.63,13.87
TRIPURA,NORTH TRIPURA,5.187716064771517,10385.519355224535,34.19,11.94,83.12,23.68
TRIPURA,SOUTH TRIPURA,3.6529638664796047,7586.749330194829,46.23,23.1,80.25,21.64
TRIPURA,WEST TRIPURA,6.6058656610298545,47896.00281386699,37.11,20.24,86.19,30.9
UTTAR PRADESH,SAHARANPUR,7.096736597409056,18511.231595363697,7.01,1.33,73.79,38.23
UTTAR PRADESH,BIJNOR,5.6208561459988875,14623.729842645896,5.18,1.15,74.11,39.66
UTTAR PRADESH,RAMPUR,6.29329584184391,10896.39222902117,10.45,3.54,59.33,26.87
UTTAR PRADESH,JYOTIBA PHULE NAGAR,7.227392796843422,11729.026024591612,11.63,4.02,64.39,35.39
UTTAR PRADESH,MEERUT,9.873133142975455,44732.26240813267,7.55,2.41,80.17,47.32
UTTAR PRADESH,BAGHPAT,7.2905986579159014,15215.863114789325,8.08,2.67,78.13,43.97
UTTAR PRADESH,GAUTAM BUDDHA NAGAR,22.146512834359253,326321.8889458563,13.51,2.12,80.6,51.89
UTTAR PRADESH,BULANDSHAHR,5.944265084501444,17480.42607806249,12.84,5.52,72.11,37.75
UTTAR PRADESH,ALIGARH,7.049750278247384,27263.752388817407,15.84,4.5,68.71,37.48
UTTAR PRADESH,MATHURA,9.65772398067827,26773.88048919905,21.29,6.37,67.93,34.66
UTTAR PRADESH,AGRA,9.618002365802276,42335.73074300539,17.92,3.54,64.97,36.14
UTTAR PRADESH,FIROZABAD,5.123779299611393,14674.023559777692,24.75,3.6,74.35,42.44
UTTAR PRADESH,MAINPURI,4.977177234070224,12508.235087600995,16.04,3.98,78.35,45.78
UTTAR PRADESH,BAREILLY,7.26110460059541,22086.796501811117,11.36,5.63,54.71,22.07
UTTAR PRADESH,PILIBHIT,5.85916247457542,10079.728922647731,16.23,4.57,59.31,28.47
UTTAR PRADESH,SHAHJAHANPUR,5.853909047549041,12334.119841492107,20.93,4.59,59.47,27.73
UTTAR PRADESH,KHERI,5.097926188494453,8753.512284634378,19.71,3.56,61.99,28.71
UTTAR PRADESH,SITAPUR,4.973247053072352,8818.70440446816,20.76,3.43,59.16,23.9
UTTAR PRADESH,HARDOI,4.837710687797852,9743.100459460351,19.32,2.75,59.3,26.47
UTTAR PRADESH,UNNAO,5.340424731056532,15659.99124299029,18.94,2.24,68.18,36.99
UTTAR PRADESH,LUCKNOW,16.64546766138587,179941.64499923526,9.9,2.08,79.8,51.87
UTTAR PRADESH,FARRUKHABAD,5.5696890097835565,15261.478333379306,18.78,4.07,65.09,33.33
UTTAR PRADESH,ETAWAH,6.258653061998597,19077.512469892084,16.26,2.17,79.66,45.68
UTTAR PRADESH,AURAIYA,5.8715011108735125,12414.962904435883,18.09,4.86,79.26,46.2
UTTAR PRADESH,KANPUR DEHAT,8.629405450666525,16282.852981654441,12.66,1.92,75.56,45.41
UTTAR PRADESH,KANPUR NAGAR,11.023149049564443,102309.8845123228,10.92,3.41,82.7,58.51
UTTAR PRADESH,JALAUN,6.449803369755984,14874.785055864764,16.86,2.2,70.98,38.9
UTTAR PRADESH,JHANSI,8.105661804770632,34500.0983186756,25.05,3.47,72.45,43.26
UTTAR PRADESH,LALITPUR,5.484646264874033,12311.80295876201,42.5,9.41,61.33,23.78
UTTAR PRADESH,HAMIRPUR,7.425619292121146,14118.63785164156,10.48,1.39,73.23,37.61
UTTAR PRADESH,MAHOBA,5.593875505446609,13735.818383986447,20.75,3.95,69.65,30.69
UTTAR PRADESH,BANDA,6.557705025536148,13461.634646912044,18.98,2.52,62.61,27.08
UTTAR PRADESH,CHITRAKOOT,5.949199883032681,11104.837002006594,21.82,3.54,62.11,30.17
UTTAR PRADESH,FATEHPUR,6.001368160007111,13602.21488468447,10.4,3.28,66.45,37.27
UTTAR PRADESH,PRATAPGARH,5.827104511768102,15626.611607280578,10.98,0.74,77.73,49.69
UTTAR PRADESH,KAUSHAMBI,5.626420671219483,9972.518060810355,17.55,2.9,61.99,31.93
UTTAR PRADESH,ALLAHABAD,7.003235091548405,38402.08007838249,13.81,1.98,70.84,47.56
UTTAR PRADESH,BARA BANKI,6.563009955840756,12378.940834465247,20.4,3.4,61.13,29.5
UTTAR PRADESH,FAIZABAD,6.394182750599354,20633.380224006836,7.61,1.97,77.7,48.99
UTTAR PRADESH,AMBEDKAR NAGAR,5.12951397229562,12120.666186243894,5.48,0.0,78.51,52.95
UTTAR PRADESH,BAHRAICH,4.071414911299065,7956.175519270265,37.48,8.37,41.64,14.43
UTTAR PRADESH,BALRAMPUR,4.3282689483935375,9972.703981309325,35.03,4.12,44.94,16.8
UTTAR PRADESH,GONDA,4.426429394519789,11730.329107937607,25.38,4.15,60.39,31.46
UTTAR PRADESH,BASTI,5.518441332476352,13835.057034714242,15.94,1.04,65.27,40.92
UTTAR PRADESH,SANT KABIR NAGAR,5.888584483404978,11282.761081470608,16.78,1.85,62.7,34.77
UTTAR PRADESH,GORAKHPUR,6.93553889474982,35640.56344498125,14.56,2.4,70.14,42.81
UTTAR PRADESH,DEORIA,5.449949789515844,17169.92169486344,13.7,2.07,73.7,50.37
UTTAR PRADESH,AZAMGARH,5.721824403711123,17551.262886838136,11.97,0.33,78.9,52.6
UTTAR PRADESH,MAU,5.711778230690563,17996.634584001218,11.03,0.32,74.44,53.13
UTTAR PRADESH,BALLIA,5.494210398626571,17571.904706933263,9.92,1.7,73.3,50.11
UTTAR PRADESH,JAUNPUR,5.851981796998979,17909.95691339334,11.77,0.59,77.28,52.67
UTTAR PRADESH,GHAZIPUR,5.911164587815046,18070.485389479454,13.52,1.85,75.84,51.43
UTTAR PRADESH,CHANDAULI,5.889112618268744,15271.237164294977,17.23,2.13,73.85,47.16
UTTAR PRADESH,VARANASI,9.872605315269276,61755.186041495945,10.36,0.0,80.61,55.02
UTTAR PRADESH,MIRZAPUR,5.967232285530063,16210.44706183895,16.61,2.43,73.39,43.79
UTTAR PRADESH,SONBHADRA,6.6575072252744745,22236.074132416747,17.68,6.93,64.8,35.69
UTTAR PRADESH,ETAH,5.466390153735178,12620.598710608177,20.08,4.29,70.8,38.77
UTTAR PRADESH,KANSHIRAM NAGAR,5.0810214105889875,9178.551964580409,23.16,7.55,60.6,29.66
UTTAR PRADESH,BUDAUN,3.8567086088254534,6744.622879081864,22.85,6.95,52.39,21.56
UTTAR PRADESH,GHAZIABAD,7.775044882728186,57525.29292588396,8.03,0.61,81.78,55.23
UTTAR PRADESH,HAPUR,7.775044882728186,57525.29292588396,7.12,0.81,75.29,43.53
UTTAR PRADESH,MORADABAD,4.840731549792687,16549.01523594061,9.6,1.53,69.41,42.58
UTTAR PRADESH,MUZAFFARNAGAR,5.18883497863648,13462.734028524595,7.28,0.95,73.41,41.83
UTTAR PRADESH,SAMBHAL,4.840731549792687,16549.01523594061,21.13,4.32,52.57,24.14
UTTAR PRADESH,SHAMLI,5.18883497863648,13462.734028524595,10.84,2.33,65.82,32.6
UTTAR PRADESH,SULTANPUR,3.6870078009184337,9760.036364431226,7.94,1.11,74.94,46.58
UTTARAKHAND,CHAMOLI,15.066201912641565,33186.50170452369,3.38,2.95,90.45,58.95
UTTARAKHAND,RUDRAPRAYAG,16.509482634087956,30715.89244072064,8.58,1.76,87.17,56.36
UTTARAKHAND,TEHRI GARHWAL,13.57178748519625,29759.375439265445,6.27,1.74,75.54,50.79
UTTARAKHAND,GARHWAL,22.116457700092106,53625.13477216411,8.62,1.32,85.83,56.18
UTTARAKHAND,PITHORAGARH,15.927552390270542,35071.64295805676,16.16,3.65,89.1,55.48
UTTARAKHAND,BAGESHWAR,14.621120593463589,27268.389906809596,12.85,1.66,87.78,52.22
UTTARAKHAND,ALMORA,16.706666281128214,38957.05422919618,1.48,1.66,88.02,48.03
UTTARAKHAND,CHAMPAWAT,14.250061621888094,28319.108947498153,11.68,1.85,84.73,50.99
UTTARAKHAND,NAINITAL,17.179880683633545,59685.419623823465,11.26,2.03,85.4,55.2
UTTARAKHAND,UDHAM SINGH NAGAR,13.40285838697509,32707.219713482064,14.59,5.15,72.26,41.11
WEST BENGAL,DARJILING,9.692320271081744,72516.96562150244,21.15,6.33,76.99,41.28
WEST BENGAL,JALPAIGURI,5.13834012506565,17084.593603773556,18.69,11.77,73.6,33.92
WEST BENGAL,KOCH BIHAR,5.24992852293261,12089.734048553326,46.74,27.26,79.18,26.67
WEST BENGAL,UTTAR DINAJPUR,3.6912222734337745,9243.020098206465,30.34,12.71,65.35,29.32
WEST BENGAL,DAKSHIN DINAJPUR,5.190076097253674,11509.441166013234,45.6,18.15,74.31,30.47
WEST BENGAL,MALDAH,4.587794211106223,12488.828219697682,49.08,18.92,72.25,30.02
WEST BENGAL,MURSHIDABAD,4.617242557406191,12835.93430958921,55.44,20.63,67.55,24.16
WEST BENGAL,BIRBHUM,6.681125307074798,20517.621610756498,49.89,24.97,70.79,25.76
WEST BENGAL,NADIA,5.457078721263255,22644.941558944192,39.94,15.13,76.15,28.25
WEST BENGAL,HUGLI,6.649580686863636,37863.65460592175,40.78,13.17,77.4,36.96
WEST BENGAL,BANKURA,6.00554845949341,19493.565444074164,45.72,16.04,68.3,27.93
WEST BENGAL,PURULIYA,4.812097818686297,17073.05003387239,37.01,12.0,60.95,26.87
WEST BENGAL,HAORA,6.98964892787239,40492.9537534724,30.4,9.4,80.48,40.07
WEST BENGAL,KOLKATA,30.35563460622404,474987.4018556744,16.66,4.86,87.6,55.35
WEST BENGAL,PASCHIM MEDINIPUR,6.020167221981998,22428.335912478946,55.69,24.99,70.85,26.19
WEST BENGAL,PURBA MEDINIPUR,5.200284543871268,19870.385360708417,57.61,22.04,77.0,30.87
