state_canon,round,bank_account_use,mobile_use,decisions,child_marriage,literacy,pop_2011,deposits_cr_2013,offices_2013,deposits_cr_2016,offices_2020,deposits_cr_2020,deposits_pc,log_deposits_pc,branch_density,log_branch,deposits_pc_std,log_deposits_pc_std,branch_density_std,log_branch_std,t,state_code
ANDAMAN AND NICOBAR ISLANDS,NFHS-3,,,,,,380581.0,2588.8,56.0,3232.1512,138.0,11675.961,68022.31325263216,11.127591066401498,14.714344646737487,2.688822844284384,-0.43941540985570354,-0.4227094582935697,-0.3279039029012405,-0.08841097585232274,0,0
ANDAMAN AND NICOBAR ISLANDS,NFHS-4,81.8,66.9,92.6,17.1,84.1,380581.0,2588.8,56.0,3232.1512,138.0,11675.961,84926.7619770824,11.349544540262277,14.714344646737487,2.688822844284384,-0.36764514332191206,-0.1922995211332847,-0.3279039029012405,-0.08841097585232274,1,0
ANDAMAN AND NICOBAR ISLANDS,NFHS-5,89.21,80.83,94.48,16.21,85.97,380581.0,2588.8,56.0,3232.1512,138.0,11675.961,306793.0611354744,12.633928731320758,36.260349308031664,3.590724838706439,0.5743201159433866,1.1410199156108045,1.1037583543986063,1.2624680888401,2,0
ANDHRA PRADESH,NFHS-3,,,,,,84580777.0,416688.3,9199.0,210237.4793,14220.0,655893.7213000001,49265.13030259819,10.804971813685547,10.87599372609216,2.3865579499120364,-0.5190517258155313,-0.7576205567862517,-0.5829498954063753,-0.5411467723406395,0,1
ANDHRA PRADESH,NFHS-4,66.3,36.2,79.9,32.7,62.9,84580777.0,416688.3,9199.0,210237.4793,14220.0,655893.7213000001,24856.413804285577,10.12087109899858,10.87599372609216,2.3865579499120364,-0.6226824396818672,-1.4677856194930432,-0.5829498954063753,-0.5411467723406395,1,1
ANDHRA PRADESH,NFHS-5,81.78,48.94,84.05,29.34,68.64,84580777.0,416688.3,9199.0,210237.4793,14220.0,655893.7213000001,77546.4289362109,11.25863211901071,16.812330773456953,2.822112591792111,-0.39897940793388753,-0.28667572035782274,-0.18849951674334114,0.11123192388614646,2,1
ARUNACHAL PRADESH,NFHS-3,19.0,,95.7,42.0,52.7,1383727.0,6781.400000000001,115.0,8732.1238,306.0,31384.504500000003,49008.22199754721,10.799743358884921,8.31088791358411,2.117566451966182,-0.5201424669469819,-0.7630482165615312,-0.7533928724444973,-0.9440452972387496,0,2
ARUNACHAL PRADESH,NFHS-4,56.6,59.8,89.1,23.5,65.6,1383727.0,6781.400000000001,115.0,8732.1238,306.0,31384.504500000003,63105.827955947956,11.052568404897414,8.31088791358411,2.117566451966182,-0.46028905477037774,-0.5005904953508947,-0.7533928724444973,-0.9440452972387496,1,2
ARUNACHAL PRADESH,NFHS-5,78.24,76.36,87.03,18.88,73.78,1383727.0,6781.400000000001,115.0,8732.1238,306.0,31384.504500000003,226811.3905416314,12.331874072421309,22.114188709189023,3.0962194255553124,0.2347464386287653,0.8274569252894732,0.16379177899693154,0.5217922569488491,2,2
ASSAM,NFHS-3,11.7,,88.1,38.0,63.0,31205576.0,77461.9,1790.0,102303.8824,5778.0,332539.4366,24823.095718534405,10.11952977775501,5.736154333443484,1.7467890090447504,-0.6228238964033337,-1.469178045293219,-0.9244755834731337,-1.4993999681458872,0,3
ASSAM,NFHS-4,45.4,46.0,87.4,32.6,71.8,31205576.0,77461.9,1790.0,102303.8824,5778.0,332539.4366,32783.84683557836,10.397691198541779,5.736154333443484,1.7467890090447504,-0.5890253834324232,-1.1804186293261767,-0.9244755834731337,-1.4993999681458872,1,3
ASSAM,NFHS-5,78.49,57.24,92.08,31.82,77.2,31205576.0,77461.9,1790.0,102303.8824,5778.0,332539.4366,106564.10783765055,11.576502034558704,18.51592164169634,2.9186309912361303,-0.27578068179406,0.04330509045164799,-0.07530141870707581,0.2557982802895357,2,3
BIHAR,NFHS-3,8.2,,69.2,60.3,37.0,104099452.0,179390.5,5110.0,243073.2024,14592.0,759355.1796,17232.60752611839,9.754558654468667,4.908767435202253,1.5910228787657053,-0.6550504049142766,-1.8480546274839198,-0.9794527643016654,-1.7327082496260207,0,4
BIHAR,NFHS-4,26.4,40.9,75.2,39.1,49.6,104099452.0,179390.5,5110.0,243073.2024,14592.0,759355.1796,23350.094330948064,10.05835630295818,4.908767435202253,1.5910228787657053,-0.6290777354911952,-1.5326822393868664,-0.9794527643016654,-1.7327082496260207,1,4
BIHAR,NFHS-5,76.7,51.36,86.53,40.8,57.78,104099452.0,179390.5,5110.0,243073.2024,14592.0,759355.1796,72945.16589770328,11.19746328578819,14.017364856060913,2.6402969078820675,-0.41851473144834983,-0.3501750960324245,-0.37421595360848575,-0.16109367528741111,2,4
CHANDIGARH,NFHS-3,,,,,,1055450.0,50413.6,341.0,55680.532,802.0,145481.1978,477650.29134492396,13.076634135652798,32.308494007295465,3.4753301680195285,1.29971904206284,1.6005924675441252,0.8411703632923927,1.0896286386868541,0,5
CHANDIGARH,NFHS-4,79.6,74.2,96.6,12.7,83.2,1055450.0,50413.6,341.0,55680.532,802.0,145481.1978,527552.5320953148,13.176003726284462,32.308494007295465,3.4753301680195285,1.5115861770205614,1.7037480556717808,0.8411703632923927,1.0896286386868541,1,5
CHANDIGARH,NFHS-5,87.1,70.0,94.57,9.72,82.96,1055450.0,50413.6,341.0,55680.532,802.0,145481.1978,1378380.7646027762,14.136420009225283,75.98654602302335,4.330556298602526,5.123899717491911,2.7007563545322597,3.743435517612705,2.37059606367055,2,5
CHATTISGARH,NFHS-3,8.1,,76.6,55.0,44.9,,,,,,,,,,,,,,,0,6
CHATTISGARH,NFHS-4,51.3,31.0,90.5,21.3,66.3,,,,,,,,,,,,,,,1,6
CHHATTISGARH,NFHS-5,80.34,40.74,92.66,12.04,74.62,25545198.0,83417.8,1930.0,104611.7235,5512.0,329323.4112,128917.93252101626,11.766931298886542,21.57744089515376,3.0716483659191285,-0.18087430645309302,0.24098974059043446,0.1281266244069053,0.4849894443759599,2,7
DADRA AND NAGAR HAVELI AND DAMAN AND DIU,NFHS-3,,,,,,586956.0,5355.1,87.0,6808.3879,220.0,19667.4446,91235.11813491983,11.421195169211906,14.822235397542576,2.6961284450345877,-0.34086211062926786,-0.11791899161684158,-0.3207349117927929,-0.0774685639611329,0,8
DADRA AND NAGAR HAVELI AND DAMAN AND DIU,NFHS-4,49.4,48.75,82.6,26.45,72.8,586956.0,5355.1,87.0,6808.3879,220.0,19667.4446,115994.85992135697,11.661301158083955,14.822235397542576,2.6961284450345877,-0.23574106845353496,0.1313350743164461,-0.3207349117927929,-0.0774685639611329,1,8
DADRA AND NAGAR HAVELI AND DAMAN AND DIU,NFHS-5,83.62,60.54,91.85,26.41,77.26,586956.0,5355.1,87.0,6808.3879,220.0,19667.4446,335075.27991876734,12.722110501737731,37.48151479838352,3.6238478727323655,0.6943963404527398,1.2325614257617201,1.1849008478649008,1.3120801459166471,2,8
DELHI,NFHS-3,30.4,,84.8,22.7,77.3,16787941.0,785733.5,2969.0,967058.69,7286.0,2435300.6402,468034.4659300387,13.056297217337768,17.685313523558367,2.8727345507196036,1.2588936732964198,1.5794807093477248,-0.13049263916945747,0.18705406969777688,0,9
DELHI,NFHS-4,64.4,66.6,73.8,13.0,81.8,16787941.0,785733.5,2969.0,967058.69,7286.0,2435300.6402,576043.6553833493,13.26393872740216,17.685313523558367,2.8727345507196036,1.7174622099888213,1.7950333945731543,-0.13049263916945747,0.18705406969777688,1,9
DELHI,NFHS-5,72.45,73.81,92.0,9.87,85.02,16787941.0,785733.5,2969.0,967058.69,7286.0,2435300.6402,1450624.9695540385,14.18750503502267,43.40020017940258,3.770464053524353,5.430622872407605,2.7537877280857583,1.5781783304442802,1.5316835289915165,2,9
GOA,NFHS-3,42.4,,91.1,11.7,83.6,1458545.0,43424.5,581.0,55948.1882,1356.0,149749.9962,297724.78737371834,12.60392480646588,39.83421834773696,3.68472630039146,0.5358194564133735,1.109872836359814,1.341230382141646,1.4032645472426055,0,10
GOA,NFHS-4,82.8,80.9,93.8,9.8,89.0,1458545.0,43424.5,581.0,55948.1882,1356.0,149749.9962,383589.04387591744,12.857327060259026,39.83421834773696,3.68472630039146,0.9003684976356027,1.3729297570610253,1.341230382141646,1.4032645472426055,1,10
GOA,NFHS-5,88.34,91.18,93.13,5.83,92.96,1458545.0,43424.5,581.0,55948.1882,1356.0,149749.9962,1026708.097453284,13.84186822012971,92.96936330384047,4.5322700120398896,3.6308228674043765,2.394982094569423,4.871888746217226,2.672725157772969,2,10
GUJARAT,NFHS-3,19.9,,83.8,38.7,63.8,60439692.0,390172.3,6223.0,518453.2643,16706.0,1526349.3607,64555.640025432294,11.075282766980434,10.29621395158665,2.3317762501465564,-0.45413366926524157,-0.4770107123939159,-0.6214743844591637,-0.6231994252886736,0,11
GUJARAT,NFHS-4,48.6,47.9,85.4,24.9,72.9,60439692.0,390172.3,6223.0,518453.2643,16706.0,1526349.3607,85780.26246394505,11.359544217799753,10.29621395158665,2.3317762501465564,-0.36402148434152454,-0.18191885426218152,-0.6214743844591637,-0.6231994252886736,1,11
GUJARAT,NFHS-5,70.03,48.82,92.22,21.78,76.45,60439692.0,390172.3,6223.0,518453.2643,16706.0,1526349.3607,252540.88996681187,12.439328455049232,27.640776197204975,3.31929208089319,0.3439847262314444,0.939005337297779,0.5310156259531938,0.8559130171478443,2,11
HARYANA,NFHS-3,12.4,,83.8,39.8,60.4,25351462.0,185116.2,3647.0,252602.4404,10078.0,951525.9516,73019.93076375635,11.19848770702726,14.385758107362802,2.6662386968566154,-0.41819730646446196,-0.3491116441782412,-0.34973741468565916,-0.12223776872203974,0,12
HARYANA,NFHS-4,45.6,50.5,76.7,18.5,75.4,25351462.0,185116.2,3647.0,252602.4404,10078.0,951525.9516,99640.18658963338,11.509320842012194,14.385758107362802,2.6662386968566154,-0.30517718454486686,-0.02643571641089183,-0.34973741468565916,-0.12223776872203974,1,12
HARYANA,NFHS-5,73.63,50.4,87.53,12.46,81.67,25351462.0,185116.2,3647.0,252602.4404,10078.0,951525.9516,375333.75850276405,12.835570931791256,39.753131397313496,3.6826886152884786,0.8653194971504953,1.3503447165752243,1.3358424167946712,1.4002124793205057,2,12
HIMACHAL PRADESH,NFHS-3,22.2,,79.2,12.3,79.5,6864602.0,49414.7,1308.0,66349.9389,3230.0,208976.5981,71984.79970142478,11.18421026045224,19.05427292070247,2.947291376720501,-0.42259210415659193,-0.36393306378000523,-0.03952971906074894,0.29872613162626627,0,13
HIMACHAL PRADESH,NFHS-4,68.8,73.9,90.8,8.6,88.2,6864602.0,49414.7,1308.0,66349.9389,3230.0,208976.5981,96655.18685569824,11.478905149577225,19.05427292070247,2.947291376720501,-0.317850429913582,-0.05801025165346118,-0.03952971906074894,0.29872613162626627,1,13
HIMACHAL PRADESH,NFHS-5,83.09,79.5,93.88,5.4,91.73,6864602.0,49414.7,1308.0,66349.9389,3230.0,208976.5981,304426.38640958356,12.6261845845558,47.05298282405885,3.8512742609200594,0.564272058260778,1.1329807155999352,1.8208939117635774,1.6527219766936596,2,13
INDIA,NFHS-3,15.1,,76.5,47.4,55.1,,,,,,,,,,,,,,,0,14
INDIA,NFHS-4,53.0,45.9,84.0,26.8,68.4,,,,,,,,,,,,,,,1,14
INDIA,NFHS-5,78.56,53.95,88.7,23.25,71.46,,,,,,,,,,,,,,,2,14
JAMMU AND KASHMIR,NFHS-3,21.9,,60.4,14.4,53.9,12541302.0,61178.2,1400.0,80314.309,3488.0,256007.4968,48781.378520348204,10.795103931320345,11.163115281013088,2.4126150650430613,-0.5211055635309289,-0.7678644070676746,-0.563871597601308,-0.5021181289464776,0,15
JAMMU AND KASHMIR,NFHS-4,60.3,54.2,84.0,8.7,69.0,12541302.0,61178.2,1400.0,80314.309,3488.0,256007.4968,64039.84929156477,11.067260813759423,11.163115281013088,2.4126150650430613,-0.4563235329543064,-0.4853383033318042,-0.563871597601308,-0.5021181289464776,1,15
JAMMU AND KASHMIR,NFHS-5,84.89,75.21,81.57,4.46,77.27,12541302.0,61178.2,1400.0,80314.309,3488.0,256007.4968,204131.51425585637,12.226519742835723,27.812104357266893,3.3254713344685816,0.13845576435027424,0.7180885786845217,0.5423998275362331,0.8651683734305096,2,15
JHARKHAND,NFHS-3,14.4,,77.7,63.2,37.1,32988134.0,112971.5,2441.0,159622.4077,6178.0,475370.9583,34246.10194683943,10.441328025442209,7.399630424685434,2.001430056352874,-0.5828171692051344,-1.135119232253847,-0.8139429825018719,-1.117995711422486,0,16
JHARKHAND,NFHS-4,45.1,35.2,86.6,38.0,59.0,32988134.0,112971.5,2441.0,159622.4077,6178.0,475370.9583,48387.82566482845,10.787003525213624,7.399630424685434,2.001430056352874,-0.5227764487396807,-0.7762734399589235,-0.8139429825018719,-1.117995711422486,1,16
JHARKHAND,NFHS-5,79.62,49.03,90.95,32.21,65.01,32988134.0,112971.5,2441.0,159622.4077,6178.0,475370.9583,144103.6217144019,11.878287915012525,18.727946236668007,2.9300168594384406,-0.11640128052517716,0.3565890618250439,-0.06121307077380342,0.2728521631758955,2,16
KARNATAKA,NFHS-3,22.1,,68.6,41.2,59.7,61095297.0,501812.8,8023.0,696063.4764,20968.0,2150713.602,82136.0766934319,11.316132622715482,13.131943691181334,2.57504771172133,-0.37949339876545296,-0.2269844381496795,-0.4330493235765965,-0.25882466338444116,0,17
KARNATAKA,NFHS-4,59.4,47.1,80.4,23.2,71.7,61095297.0,501812.8,8023.0,696063.4764,20968.0,2150713.602,113930.77873080803,11.643346338837835,13.131943691181334,2.57504771172133,-0.24450442179370138,0.1126961735492629,-0.4330493235765965,-0.25882466338444116,1,17
KARNATAKA,NFHS-5,88.69,61.79,82.7,21.25,76.69,61095297.0,501812.8,8023.0,696063.4764,20968.0,2150713.602,352026.0490754305,12.771460454897344,34.320153971917016,3.5357327609709164,0.7663632670385727,1.2837916201289492,0.9748386554488295,1.1801003293758803,2,17
KERALA,NFHS-3,27.0,,88.0,15.4,93.0,33406061.0,264924.0,5464.0,366136.6759,13170.0,1095301.3426,79304.17177888767,11.281046013791387,16.356313304941878,2.7946139576712135,-0.3915166580759575,-0.26340785255606586,-0.21880040122775207,0.07004415695437297,0,18
KERALA,NFHS-4,70.6,81.2,92.1,7.6,97.9,33406061.0,264924.0,5464.0,366136.6759,13170.0,1095301.3426,109601.87012171233,11.604609716504788,16.356313304941878,2.7946139576712135,-0.2628834254358522,0.07248367963192251,-0.21880040122775207,0.07004415695437297,1,18
KERALA,NFHS-5,78.53,86.56,94.1,6.29,98.27,33406061.0,264924.0,5464.0,366136.6759,13170.0,1095301.3426,327875.0351919671,12.700387824502656,39.42398356992763,3.6743743511579146,0.6638266666600923,1.2100111110059961,1.3139716092390077,1.3877592799465546,2,18
LADAKH,NFHS-5,88.38,81.15,80.42,2.46,76.8,,,,,136.0,9910.2523,,,,,,,,,2,19
LAKSHADWEEP,NFHS-3,,,,,,64473.0,670.2,12.0,754.8396,26.0,2229.3428,103950.49090316877,11.551670015768215,18.61244241775627,2.923830304264913,-0.28687716811329006,0.017526967723690733,-0.06888792561160041,0.26358587047650034,0,20
LAKSHADWEEP,NFHS-4,72.6,68.0,80.4,0.9,95.7,64473.0,670.2,12.0,754.8396,26.0,2229.3428,117078.4049136848,11.670599116812134,18.61244241775627,2.923830304264913,-0.23114072246365097,0.14098728677797565,-0.06888792561160041,0.26358587047650034,1,20
LAKSHADWEEP,NFHS-5,66.9,84.03,92.2,1.32,96.5,64473.0,670.2,12.0,754.8396,26.0,2229.3428,345779.2874536628,12.753555952963898,40.32695857180525,3.6970201924983948,0.7398417428010582,1.2652049537722017,1.373971374847329,1.4216784786603842,2,20
MADHYA PRADESH,NFHS-3,8.9,,68.5,53.0,44.4,72626809.0,219110.4,5223.0,282590.4752,14104.0,797588.4804,30169.355230793633,10.314581960721346,7.1915592491472395,1.9729080118024271,-0.6001255832901303,-1.266694342567125,-0.8277686385124815,-1.1607163541350167,0,21
MADHYA PRADESH,NFHS-4,37.3,28.7,82.8,30.0,59.4,72626809.0,219110.4,5223.0,282590.4752,14104.0,797588.4804,38909.9396064613,10.569005013843272,7.1915592491472395,1.9729080118024271,-0.56301617614363,-1.002577729917389,-0.8277686385124815,-1.1607163541350167,1,21
MADHYA PRADESH,NFHS-5,74.68,38.52,86.04,23.11,68.85,72626809.0,219110.4,5223.0,282590.4752,14104.0,797588.4804,109820.11895910228,11.606599024051201,19.419826086535068,2.9662945074438345,-0.2619568186304193,0.07454878011802286,-0.015239894622942165,0.32718923694871854,2,21
MAHARASHTRA,NFHS-3,20.3,,84.9,39.0,70.3,112374333.0,1852460.2,10343.0,2181768.9924,26228.0,5509936.3392,164847.26988323926,12.0127746871449,9.204059079932426,2.2196445910934597,-0.028331140988043523,0.4961998017558223,-0.6940445399684307,-0.7911514995061433,0,22
MAHARASHTRA,NFHS-4,45.3,45.6,89.3,25.1,80.3,112374333.0,1852460.2,10343.0,2181768.9924,26228.0,5509936.3392,194151.89698167107,12.17639610581345,9.204059079932426,2.2196445910934597,0.09608586496174498,0.6660552229741675,-0.6940445399684307,-0.7911514995061433,1,22
MAHARASTRA,NFHS-5,72.81,54.8,89.82,21.89,84.58,,,,,,,,,,,,,,,2,23
MANIPUR,NFHS-3,8.0,,94.4,12.7,72.6,2855794.0,4343.3,123.0,6036.0538,398.0,20489.8593,15208.730041452569,9.629624886793907,4.307033350444745,1.4602493493539852,-0.6636430676431186,-1.9777483919401369,-1.0194360461964187,-1.928582329283019,0,24
MANIPUR,NFHS-4,34.8,63.1,96.2,13.1,85.0,2855794.0,4343.3,123.0,6036.0538,398.0,20489.8593,21136.166684291653,9.958740913005217,4.307033350444745,1.4602493493539852,-0.6384772834964039,-1.6360929918297693,-1.0194360461964187,-1.928582329283019,1,24
MANIPUR,NFHS-5,74.03,72.23,94.77,16.32,87.62,2855794.0,4343.3,123.0,6036.0538,398.0,20489.8593,71748.3799601792,11.180920554414753,13.93657945916267,2.6345169992660056,-0.4235958581458305,-0.36734810815028884,-0.379583881699951,-0.16975088814819075,2,24
MEGHALAYA,NFHS-3,16.9,,90.4,24.5,69.5,2966889.0,13547.300000000001,267.0,18168.2455,712.0,46920.1829,45661.63412247645,10.729013708371903,8.999325556163376,2.1971496363241423,-0.534350886735625,-0.8364726782137761,-0.7076484198242028,-0.8248446985976329,0,25
MEGHALAYA,NFHS-4,54.4,64.3,91.4,16.5,82.8,2966889.0,13547.300000000001,267.0,18168.2455,712.0,46920.1829,61236.68765498136,11.022501760375787,8.999325556163376,2.1971496363241423,-0.46822475854730095,-0.5318026838980947,-0.7076484198242028,-0.8248446985976329,1,25
MEGHALAYA,NFHS-5,70.44,67.45,92.25,16.89,88.17,2966889.0,13547.300000000001,267.0,18168.2455,712.0,46920.1829,158146.0678171647,11.971274364796265,23.99820148310233,3.1779788893358685,-0.056782057443150034,0.45311831040471956,0.2889783285723116,0.6442525116602348,2,25
MIZORAM,NFHS-3,8.1,,97.2,20.6,94.0,1097206.0,4379.599999999999,125.0,5913.2292,402.0,22626.416100000002,39915.931921626376,10.594530819461772,11.392573500327194,2.432961695776712,-0.5587450911903588,-0.9760793869709149,-0.5486248417696167,-0.47164271402877456,0,26
MIZORAM,NFHS-4,57.4,77.3,96.0,10.8,93.5,1097206.0,4379.599999999999,125.0,5913.2292,402.0,22626.416100000002,53893.51862822478,10.894765501581825,11.392573500327194,2.432961695776712,-0.49940123799621244,-0.6644057148390206,-0.5486248417696167,-0.47164271402877456,1,26
MIZORAM,NFHS-5,80.7,82.25,98.84,7.95,94.35,1097206.0,4379.599999999999,125.0,5913.2292,402.0,22626.416100000002,206218.4867745893,12.236691501127202,36.638516377052255,3.601100047093432,0.14731630611414254,0.7286478826142244,1.1288863318673519,1.2780081939607137,2,26
NAGALAND,NFHS-3,7.4,,96.9,21.4,75.2,1978502.0,6065.5,131.0,7728.3955,340.0,23858.0969,30657.032441716005,10.33061735849537,6.621170966721287,1.8902722374974565,-0.5980550796031493,-1.250047993540975,-0.8656690933203415,-1.2844891567162624,0,27
NAGALAND,NFHS-4,38.9,70.5,97.4,13.3,81.0,1978502.0,6065.5,131.0,7728.3955,340.0,23858.0969,39061.853361785834,10.572901652403457,6.621170966721287,1.8902722374974565,-0.5623712044626533,-0.9985326287969993,-0.8656690933203415,-1.2844891567162624,1,27
NAGALAND,NFHS-5,63.68,82.46,99.22,5.6,85.8,1978502.0,6065.5,131.0,7728.3955,340.0,23858.0969,120586.67062252149,11.700124031648762,17.18471853958197,2.844020531906512,-0.21624587619573413,0.17163710565144527,-0.1637555552422503,0.14404588575130947,2,27
ODISHA,NFHS-3,9.8,,80.3,37.2,52.2,41974218.0,158976.0,3666.0,209214.9993,10232.0,677696.1247,37874.67821318315,10.542038046754012,8.733932815615528,2.1672157627525297,-0.5674115271745245,-1.0305721428200556,-0.7252829082584451,-0.8696799948749778,0,28
ODISHA,NFHS-4,56.2,39.2,81.8,21.3,67.4,41974218.0,158976.0,3666.0,209214.9993,10232.0,677696.1247,49843.6919777755,10.81664722731843,8.733932815615528,2.1672157627525297,-0.5165953590738195,-0.7455003080031204,-0.7252829082584451,-0.8696799948749778,1,28
ODISHA,NFHS-5,86.5,50.05,90.24,20.49,71.92,41974218.0,158976.0,3666.0,209214.9993,10232.0,677696.1247,161455.33067465367,11.991983793136887,24.376868676862543,3.193634677611558,-0.04273210638092846,0.47461677131901514,0.31413953771091485,0.6677019293948505,2,28
PUDUCHERRY,NFHS-3,,,,,,1247953.0,9084.5,186.0,12676.2542,524.0,39675.472,72795.2094349707,11.19540542755488,14.90440745765265,2.701656971737495,-0.419151393162329,-0.35231135899769506,-0.3152748444200468,-0.06918787378887473,0,29
PUDUCHERRY,NFHS-4,68.2,67.3,85.1,10.7,85.0,1247953.0,9084.5,186.0,12676.2542,524.0,39675.472,101576.3750718176,11.528566258266808,14.90440745765265,2.701656971737495,-0.29695681807855145,-0.006457046680177434,-0.3152748444200468,-0.06918787378887473,1,29
PUDUCHERRY,NFHS-5,92.62,82.85,97.88,6.48,91.14,1247953.0,9084.5,186.0,12676.2542,524.0,39675.472,317924.4090121984,12.669568925996597,41.98876079467736,3.737401982345336,0.6215798531294517,1.1780180074757296,1.4843927526843506,1.4821627827604082,2,29
PUNJAB,NFHS-3,14.6,,87.9,19.7,68.7,27743338.0,219663.2,5044.0,290177.9983,13032.0,825728.5425,79176.91807669286,11.27944009690049,18.18094131282977,2.900373864792306,-0.3920569319572775,-0.26507495514058466,-0.09755977710415202,0.22845254866133452,0,30
PUNJAB,NFHS-4,58.8,57.2,90.2,7.6,81.4,27743338.0,219663.2,5044.0,290177.9983,13032.0,825728.5425,104593.75807626321,11.557839154609278,18.18094131282977,2.900373864792306,-0.2841460848808241,0.023931151753691482,-0.09755977710415202,0.22845254866133452,1,30
PUNJAB,NFHS-5,81.62,61.23,91.42,8.71,81.4,27743338.0,219663.2,5044.0,290177.9983,13032.0,825728.5425,297631.28809518163,12.603610711143238,46.97343917303679,3.849582317989377,0.5354224917888134,1.109546773954512,1.8156084936655903,1.6501877653293995,2,30
RAJASTHAN,NFHS-3,7.6,,65.1,65.2,36.2,68548437.0,187518.3,5501.0,258997.5616,15172.0,855181.6897,27355.59090865923,10.216676207750972,8.024982393106935,2.0825594750083063,-0.6120718241084285,-1.3683303205815278,-0.7723903686975336,-0.996479145465095,0,31
RAJASTHAN,NFHS-4,58.2,41.4,81.7,35.4,56.5,68548437.0,187518.3,5501.0,258997.5616,15172.0,855181.6897,37783.146186104874,10.539618414086481,8.024982393106935,2.0825594750083063,-0.5678001395502883,-1.0330839638840792,-0.7723903686975336,-0.996479145465095,1,31
RAJASTHAN,NFHS-5,79.64,50.18,87.68,25.4,66.37,68548437.0,187518.3,5501.0,258997.5616,15172.0,855181.6897,124755.82626340554,11.734113716037463,22.133254475226035,3.097081204941638,-0.19854512673950836,0.20692180251999145,0.16505863742710422,0.5230830399148152,2,31
SIKKIM,NFHS-3,20.9,,93.6,30.1,72.3,610577.0,5201.2,104.0,6353.9559,326.0,19967.2058,85184.9971420476,11.352580607429694,17.03306872024331,2.83515667340581,-0.366548768816002,-0.1891477793150981,-0.17383219479034814,0.13076949767915777,0,32
SIKKIM,NFHS-4,63.5,79.8,95.3,14.5,86.6,610577.0,5201.2,104.0,6353.9559,326.0,19967.2058,104064.77643278407,11.55276883454799,17.03306872024331,2.83515667340581,-0.28639195247241667,0.018667651676929457,-0.17383219479034814,0.13076949767915777,1,32
SIKKIM,NFHS-5,76.41,88.64,89.73,10.75,88.92,610577.0,5201.2,104.0,6353.9559,326.0,19967.2058,327021.91206023155,12.69778245699287,53.39211925768576,3.9776631556311446,0.6602046097951297,1.2073064785721483,2.24210900563207,1.8420287006290343,2,32
TAMIL NADU,NFHS-3,15.9,,87.4,21.5,69.4,72147030.0,463778.7,8374.0,600034.7778,23046.0,1801021.0218,64282.43823758234,11.071041750643927,11.606853393687864,2.451595733453598,-0.4552935867195825,-0.481413312139678,-0.534386636559636,-0.4437324404690339,0,33
TAMIL NADU,NFHS-4,77.0,62.0,84.0,15.7,79.4,72147030.0,463778.7,8374.0,600034.7778,23046.0,1801021.0218,83168.32692905031,11.328621868381095,11.606853393687864,2.451595733453598,-0.37511083203716045,-0.21401935020157106,-0.534386636559636,-0.4437324404690339,1,33
TAMIL NADU,NFHS-5,92.17,74.62,92.8,12.83,85.89,72147030.0,463778.7,8374.0,600034.7778,23046.0,1801021.0218,249632.0391567054,12.427743269245743,31.94310285537742,3.4639562844484693,0.3316347820628175,0.9269787540389546,0.8168913041547085,1.0725927065174847,2,33
TELANGANA,NFHS-3,,,,,,,,,355785.8791,10568.0,999277.0064000001,,,,,,,,,0,34
TELANGANA,NFHS-4,59.7,47.8,81.1,25.7,65.2,,,,355785.8791,10568.0,999277.0064000001,,,,,,,,,1,34
TELANGANA,NFHS-5,84.36,59.98,87.16,23.46,66.64,,,,355785.8791,10568.0,999277.0064000001,,,,,,,,,2,34
TRIPURA,NFHS-3,18.7,,77.9,41.0,68.5,3673917.0,12653.900000000001,315.0,17325.1559,1128.0,52992.7427,34442.53095538087,10.447047444673693,8.573955263551136,2.148729150475112,-0.5819832016189807,-1.1291819022233822,-0.7359128986861949,-0.897369452994707,0,35
TRIPURA,NFHS-4,59.2,43.9,91.7,32.2,80.4,3673917.0,12653.900000000001,315.0,17325.1559,1128.0,52992.7427,47157.17829226954,10.761241520212186,8.573955263551136,2.148729150475112,-0.5280013390261005,-0.803016981523078,-0.7359128986861949,-0.897369452994707,1,35
TRIPURA,NFHS-5,76.9,53.08,90.93,40.06,80.61,3673917.0,12653.900000000001,315.0,17325.1559,1128.0,52992.7427,144240.44609608763,11.879236950607355,30.70292551519264,3.424357943707483,-0.11582037294859925,0.35757425582973396,0.7344855348154562,1.013281861398627,2,35
UTTAR PRADESH,NFHS-3,13.2,,75.9,58.6,44.9,199812341.0,551525.8,13562.0,742274.1811,35078.0,2310036.7771,27602.18899592393,10.225650360006775,6.7873685539773545,1.91506331917601,-0.611024856488354,-1.359014251671413,-0.8546258016906757,-1.247356792625973,0,36
UTTAR PRADESH,NFHS-4,54.6,37.1,81.7,21.2,61.0,199812341.0,551525.8,13562.0,742274.1811,35078.0,2310036.7771,37148.5653681421,10.522680432122772,6.7873685539773545,1.91506331917601,-0.5704943436136569,-1.0506672857037151,-0.8546258016906757,-1.247356792625973,1,36
UTTAR PRADESH,NFHS-5,75.43,46.53,87.55,15.84,68.83,199812341.0,551525.8,13562.0,742274.1811,35078.0,2310036.7771,115610.31543592195,11.657980465114067,17.55547221179897,2.8653657082503057,-0.2373737073324268,0.1278878624066183,-0.1391201739911762,0.17601693364047186,2,36
UTTARAKHAND,NFHS-3,20.1,,71.5,22.6,64.7,10086292.0,71445.7,1632.0,96517.5624,4254.0,299460.8593,70834.45531816846,11.168100818338958,16.180376296859144,2.7837991682733283,-0.4274760565609399,-0.38065627824672993,-0.2304908458412166,0.05384564239623356,0,37
UTTARAKHAND,NFHS-4,58.5,55.4,89.8,13.9,76.5,10086292.0,71445.7,1632.0,96517.5624,4254.0,299460.8593,95691.8185592882,11.468888083287968,16.180376296859144,2.7837991682733283,-0.32194054846938847,-0.06840896979060401,-0.2304908458412166,0.05384564239623356,1,37
UTTARAKHAND,NFHS-5,80.21,60.93,90.98,9.83,81.57,10086292.0,71445.7,1632.0,96517.5624,4254.0,299460.8593,296898.85966022004,12.601146819923391,42.17605439144534,3.7418526285094584,0.5323128616050092,1.1069890080801612,1.4968378058504417,1.4888290112028006,2,37
WEST BENGAL,NFHS-3,14.1,,70.2,53.3,58.8,91276115.0,465740.39999999997,6486.0,609983.6503,18044.0,1648988.662,51025.44077385415,10.840079626030821,7.105911551998022,1.9609270505748506,-0.5115780747214539,-0.7211751311049058,-0.8334596507145468,-1.1786615741226896,0,38
WEST BENGAL,NFHS-4,43.5,41.9,89.9,40.7,71.0,91276115.0,465740.39999999997,6486.0,609983.6503,18044.0,1648988.662,66828.39758243435,11.109883382699087,7.105911551998022,1.9609270505748506,-0.4444843504207413,-0.44109180761280625,-0.8334596507145468,-1.1786615741226896,1,38
WEST BENGAL,NFHS-5,76.49,50.12,88.93,41.64,76.06,91276115.0,465740.39999999997,6486.0,609983.6503,18044.0,1648988.662,180659.3830160278,12.104368675531546,19.768588967661472,2.9840942622358737,0.03880145780302442,0.5912835359336653,0.007934269752544187,0.3538499121151293,2,38
