state,district,worked_12m,worked_12m_lb,worked_12m_ub,self_employed,self_employed_lb,self_employed_ub,earned_cash,earned_cash_lb,earned_cash_ub
Andaman & Nicobar Islands,Nicobars,28.6,25.4,31.8,6.4,4.7,8.1,26.1,23.0,29.2
Andaman & Nicobar Islands,North & Middle Andaman,15.6,14.1,17.0,4.3,3.5,5.1,14.2,12.8,15.6
Andaman & Nicobar Islands,South Andaman,15.3,14.3,16.2,5.4,4.8,6.0,15.4,14.4,16.4
Andhra Pradesh,Anantapur,56.7,56.3,57.0,3.1,3.0,3.2,51.4,51.0,51.7
Andhra Pradesh,Chittoor,45.1,44.8,45.4,0.9,0.8,0.9,37.8,37.5,38.1
Andhra Pradesh,East Godavari,42.5,42.3,42.8,2.1,2.0,2.1,39.0,38.7,39.3
Andhra Pradesh,Guntur,48.2,47.9,48.5,2.5,2.4,2.6,40.6,40.3,40.8
Andhra Pradesh,Krishna,47.3,47.0,47.6,2.1,2.0,2.1,41.8,41.6,42.1
Andhra Pradesh,Kurnool,48.1,47.7,48.4,2.0,1.9,2.1,40.4,40.1,40.7
Andhra Pradesh,Prakasam,54.0,53.6,54.3,3.3,3.2,3.4,47.2,46.9,47.6
Andhra Pradesh,Sri Potti Sriramulu Nellore,47.2,46.8,47.5,2.1,2.0,2.2,41.9,41.5,42.2
Andhra Pradesh,Srikakulam,51.9,51.5,52.3,3.1,3.0,3.2,45.5,45.2,45.9
Andhra Pradesh,Visakhapatnam,47.2,46.9,47.5,2.6,2.5,2.7,46.9,46.6,47.3
Andhra Pradesh,Vizianagaram,43.0,42.6,43.4,1.8,1.7,1.9,36.3,35.9,36.7
Andhra Pradesh,West Godavari,43.9,43.6,44.2,2.9,2.8,3.0,38.9,38.6,39.2
Andhra Pradesh,Y.S.R.,43.8,43.4,44.1,1.6,1.5,1.7,37.4,37.1,37.8
Arunachal Pradesh,Anjaw,49.3,44.3,54.3,10.4,7.3,13.5,25.3,20.9,29.7
Arunachal Pradesh,Changlang,25.8,24.2,27.4,6.3,5.4,7.2,15.2,13.9,16.5
Arunachal Pradesh,Dibang Valley,49.7,41.7,57.7,9.9,5.1,14.6,33.0,25.5,40.5
Arunachal Pradesh,East Kameng,43.4,40.9,45.9,10.5,9.0,12.1,25.4,23.2,27.7
Arunachal Pradesh,East Siang,37.6,35.6,39.7,6.4,5.3,7.4,24.5,22.7,26.3
Arunachal Pradesh,Kurung Kumey,40.1,37.8,42.4,7.5,6.3,8.7,21.2,19.3,23.1
Arunachal Pradesh,Lohit,36.7,34.9,38.5,8.1,7.1,9.1,20.1,18.6,21.5
Arunachal Pradesh,Lower Dibang Valley,42.5,39.5,45.4,10.4,8.6,12.3,23.9,21.4,26.5
Arunachal Pradesh,Lower Subansiri,47.9,45.6,50.2,9.5,8.2,10.9,30.4,28.3,32.6
Arunachal Pradesh,Papum Pare,38.2,36.6,39.8,7.2,6.3,8.0,27.3,25.8,28.7
Arunachal Pradesh,Tawang,39.9,36.6,43.1,6.6,5.0,8.3,21.0,18.4,23.7
Arunachal Pradesh,Tirap,39.8,37.7,41.9,8.7,7.5,9.9,22.8,21.0,24.6
Arunachal Pradesh,Upper Siang,45.8,42.0,49.5,11.1,8.8,13.5,33.0,29.5,36.5
Arunachal Pradesh,Upper Subansiri,45.3,43.0,47.7,10.6,9.1,12.0,25.0,23.0,27.1
Arunachal Pradesh,West Kameng,38.4,36.0,40.8,6.9,5.7,8.2,24.7,22.6,26.9
Arunachal Pradesh,West Siang,46.2,44.2,48.3,9.8,8.5,11.0,26.4,24.6,28.2
Assam,Baksa,16.3,15.8,16.8,2.4,2.2,2.6,15.4,14.9,15.9
Assam,Barpeta,14.8,14.4,15.2,1.5,1.3,1.6,9.7,9.4,10.0
Assam,Bongaigaon,13.2,12.7,13.8,2.8,2.6,3.1,13.2,12.6,13.7
Assam,Cachar,22.0,21.6,22.4,4.3,4.1,4.5,19.2,18.8,19.6
Assam,Chirang,15.8,15.1,16.5,2.3,2.0,2.6,15.4,14.6,16.1
Assam,Darrang,21.5,20.9,22.1,3.8,3.6,4.1,18.1,17.5,18.6
Assam,Dhemaji,25.8,25.1,26.5,2.0,1.8,2.2,15.7,15.1,16.3
Assam,Dhubri,18.4,18.0,18.8,3.2,3.0,3.3,16.7,16.4,17.1
Assam,Dibrugarh,19.2,18.8,19.7,4.3,4.1,4.5,19.3,18.9,19.8
Assam,Dima Hasao,28.2,26.9,29.6,4.8,4.2,5.4,23.7,22.4,24.9
Assam,Goalpara,20.2,19.6,20.7,3.8,3.6,4.1,18.9,18.3,19.4
Assam,Golaghat,21.4,20.9,21.9,4.7,4.4,5.0,19.1,18.6,19.6
Assam,Hailakandi,23.6,22.9,24.3,2.3,2.0,2.5,24.8,24.1,25.6
Assam,Jorhat,26.5,26.0,27.0,5.6,5.3,5.9,22.2,21.7,22.7
Assam,Kamrup,14.9,14.5,15.3,3.1,2.9,3.3,14.4,14.0,14.8
Assam,Kamrup Metropolitan,22.5,22.0,23.0,6.2,5.9,6.5,23.9,23.5,24.4
Assam,Karbi Anglong,30.5,29.9,31.2,5.1,4.8,5.5,26.2,25.5,26.8
Assam,Karimganj,22.6,22.1,23.1,2.1,1.9,2.3,23.5,23.0,24.0
Assam,Kokrajhar,13.9,13.4,14.4,2.1,1.9,2.3,13.7,13.2,14.2
Assam,Lakhimpur,26.5,25.9,27.1,5.5,5.2,5.8,23.0,22.4,23.5
Assam,Morigaon,24.5,23.9,25.1,3.9,3.6,4.2,19.9,19.4,20.5
Assam,Nagaon,16.6,16.3,16.9,2.9,2.7,3.0,15.5,15.2,15.8
Assam,Nalbari,17.5,16.9,18.0,3.3,3.0,3.5,15.7,15.2,16.3
Assam,Sivasagar,24.1,23.6,24.7,4.0,3.8,4.3,22.8,22.3,23.3
Assam,Sonitpur,20.0,19.7,20.4,4.2,4.0,4.4,16.4,16.0,16.7
Assam,Tinsukia,28.1,27.6,28.6,4.5,4.2,4.7,24.9,24.4,25.4
Assam,Udalguri,23.4,22.7,24.0,2.5,2.3,2.8,22.7,22.1,23.3
Bihar,Araria,20.6,20.3,21.0,2.7,2.5,2.8,15.9,15.6,16.2
Bihar,Arwal,10.9,10.4,11.5,1.2,1.0,1.3,8.4,7.9,8.9
Bihar,Aurangabad,14.9,14.6,15.2,2.2,2.0,2.3,10.4,10.1,10.7
Bihar,Banka,16.2,15.8,16.6,2.6,2.4,2.7,11.3,10.9,11.6
Bihar,Begusarai,16.5,16.2,16.8,1.7,1.5,1.8,14.7,14.4,15.0
Bihar,Bhagalpur,17.7,17.4,18.1,3.6,3.5,3.8,12.9,12.7,13.2
Bihar,Bhojpur,15.4,15.1,15.7,2.1,2.0,2.2,11.0,10.8,11.3
Bihar,Buxar,15.2,14.8,15.6,2.0,1.9,2.2,11.0,10.7,11.4
Bihar,Darbhanga,17.5,17.2,17.8,1.4,1.3,1.5,9.3,9.0,9.5
Bihar,Gaya,19.5,19.2,19.7,2.8,2.7,2.9,14.2,14.0,14.4
Bihar,Gopalganj,14.0,13.7,14.3,0.7,0.6,0.8,8.4,8.2,8.7
Bihar,Jamui,27.0,26.5,27.5,2.6,2.4,2.7,20.7,20.2,21.1
Bihar,Jehanabad,18.9,18.4,19.5,1.8,1.6,2.0,12.4,12.0,12.9
Bihar,Kaimur (Bhabua),16.7,16.3,17.1,2.2,2.0,2.3,10.9,10.6,11.3
Bihar,Katihar,14.9,14.6,15.2,2.1,2.0,2.3,13.9,13.6,14.2
Bihar,Khagaria,16.3,15.8,16.7,2.2,2.0,2.3,12.7,12.3,13.1
Bihar,Kishanganj,14.0,13.6,14.4,2.0,1.8,2.2,11.1,10.7,11.5
Bihar,Lakhisarai,20.7,20.1,21.3,3.1,2.9,3.4,15.6,15.0,16.1
Bihar,Madhepura,17.5,17.1,17.9,3.7,3.5,3.9,14.8,14.4,15.2
Bihar,Madhubani,18.4,18.1,18.6,1.5,1.4,1.5,10.0,9.8,10.2
Bihar,Munger,19.9,19.4,20.4,2.8,2.6,3.0,14.9,14.5,15.3
Bihar,Muzaffarnagar,19.1,18.9,19.4,3.6,3.4,3.7,15.2,15.0,15.5
Bihar,Nalanda,17.8,17.5,18.1,2.7,2.5,2.8,11.9,11.6,12.2
Bihar,Nawada,17.0,16.6,17.3,1.0,0.9,1.1,8.8,8.5,9.0
Bihar,Pashchim Champaran,16.1,15.9,16.4,2.9,2.8,3.1,11.2,10.9,11.4
Bihar,Patna,20.5,20.3,20.7,3.8,3.7,3.9,16.5,16.3,16.8
Bihar,Purba Champaran,16.4,16.1,16.6,1.4,1.3,1.5,8.9,8.7,9.1
Bihar,Purnia,20.2,19.9,20.5,2.8,2.6,2.9,15.8,15.5,16.1
Bihar,Rohtas,12.3,12.0,12.6,1.8,1.7,1.9,9.5,9.3,9.8
Bihar,Saharsa,18.3,17.9,18.7,2.3,2.1,2.4,15.9,15.5,16.3
Bihar,Samastipur,16.9,16.7,17.2,3.0,2.9,3.1,11.4,11.2,11.6
Bihar,Saran,12.2,12.0,12.5,2.0,1.9,2.1,9.6,9.4,9.8
Bihar,Sheikhpura,21.2,20.4,21.9,3.2,2.9,3.5,13.7,13.0,14.3
Bihar,Sheohar,18.1,17.4,18.8,2.5,2.2,2.8,14.7,14.0,15.3
Bihar,Sitamarhi,17.0,16.7,17.3,2.6,2.5,2.8,13.2,12.9,13.5
Bihar,Siwan,15.5,15.2,15.8,2.9,2.8,3.0,11.3,11.1,11.6
Bihar,Supaul,23.3,22.9,23.7,2.8,2.7,3.0,17.0,16.6,17.4
Bihar,Vaishali,16.8,16.6,17.1,1.5,1.5,1.6,14.0,13.8,14.3
Chandigarh,Chandigarh,22.0,21.5,22.6,0.7,0.6,0.8,22.0,21.5,22.6
Chhattisgarh,Bastar,53.2,52.6,53.7,4.3,4.1,4.5,42.1,41.6,42.7
Chhattisgarh,Bijapur,61.4,60.0,62.7,3.0,2.5,3.4,50.9,49.5,52.2
Chhattisgarh,Bilaspur,51.1,50.6,51.5,4.1,4.0,4.3,46.1,45.7,46.5
Chhattisgarh,Dakshin Bastar Dantewada,61.0,60.1,61.9,3.0,2.7,3.3,54.8,53.9,55.7
Chhattisgarh,Dhamtari,55.3,54.6,56.1,3.7,3.4,3.9,46.5,45.7,47.2
Chhattisgarh,Durg,42.7,42.4,43.1,4.6,4.5,4.8,36.1,35.8,36.5
Chhattisgarh,Janjgir - Champa,54.0,53.5,54.5,5.2,5.0,5.5,43.4,42.9,43.9
Chhattisgarh,Jashpur,50.1,49.4,50.8,4.7,4.4,5.0,42.3,41.6,43.0
Chhattisgarh,Kabeerdham,50.0,49.3,50.8,4.0,3.7,4.3,41.1,40.3,41.8
Chhattisgarh,Korba,47.9,47.3,48.5,7.8,7.5,8.1,42.7,42.1,43.3
Chhattisgarh,Koriya,56.6,55.7,57.4,4.5,4.1,4.8,46.3,45.4,47.1
Chhattisgarh,Mahasamund,58.5,57.8,59.1,2.6,2.4,2.8,53.5,52.8,54.1
Chhattisgarh,Narayanpur,57.8,55.9,59.6,2.6,2.0,3.2,47.2,45.3,49.0
Chhattisgarh,Raigarh,53.7,53.2,54.2,3.6,3.4,3.8,41.8,41.3,42.4
Chhattisgarh,Raipur,42.3,42.0,42.7,2.2,2.1,2.3,37.6,37.2,37.9
Chhattisgarh,Rajnandgaon,37.0,36.5,37.5,2.8,2.6,2.9,31.1,30.6,31.6
Chhattisgarh,Surguja,50.1,49.7,50.6,4.3,4.1,4.5,38.3,37.8,38.7
Chhattisgarh,Uttar Bastar Kanker,60.8,60.0,61.5,2.9,2.7,3.2,50.4,49.6,51.2
Dadra & Nagar Haveli,Dadra & Nagar Haveli,35.6,34.4,36.7,1.5,1.2,1.8,33.2,32.1,34.4
Daman & Diu,Daman,22.6,21.1,24.1,0.8,0.5,1.1,21.3,19.8,22.7
Daman & Diu,Diu,23.4,21.0,25.8,1.0,0.5,1.6,23.4,21.0,25.8
Goa,North Goa,32.9,32.2,33.5,8.3,7.9,8.6,31.6,30.9,32.2
Goa,South Goa,33.6,32.8,34.3,8.2,7.8,8.7,32.3,31.6,33.0
Gujarat,Ahmadabad,37.5,37.3,37.7,2.5,2.4,2.6,31.1,30.9,31.4
Gujarat,Amreli,35.9,35.4,36.4,0.7,0.6,0.8,27.7,27.2,28.1
Gujarat,Anand,37.3,36.9,37.7,1.5,1.4,1.6,28.6,28.2,29.0
Gujarat,Banas Kantha,37.7,37.4,38.1,1.0,0.9,1.0,27.5,27.1,27.8
Gujarat,Bharuch,36.2,35.7,36.8,1.4,1.3,1.5,30.6,30.1,31.1
Gujarat,Bhavnagar,34.3,33.9,34.7,2.3,2.2,2.4,26.3,26.0,26.7
Gujarat,Dohad,53.1,52.6,53.6,2.6,2.4,2.7,32.8,32.3,33.2
Gujarat,Gandhinagar,40.7,40.1,41.2,1.8,1.7,2.0,30.7,30.2,31.2
Gujarat,Jamnagar,32.2,31.8,32.6,2.9,2.7,3.0,25.2,24.8,25.6
Gujarat,Junagadh,36.4,36.0,36.8,0.8,0.7,0.8,27.7,27.4,28.1
Gujarat,Kachchh,41.2,40.7,41.7,2.2,2.0,2.3,30.2,29.8,30.7
Gujarat,kheda,37.1,36.6,37.5,1.6,1.5,1.7,28.1,27.7,28.5
Gujarat,Mahesana,37.1,36.7,37.6,2.1,1.9,2.2,31.6,31.2,32.0
Gujarat,Narmada,58.9,58.1,59.8,2.3,2.0,2.6,47.3,46.5,48.2
Gujarat,Navsari,46.9,46.3,47.4,2.3,2.1,2.5,43.2,42.7,43.7
Gujarat,Panch Mahals,44.0,43.6,44.5,1.7,1.6,1.8,27.0,26.6,27.4
Gujarat,Patan,49.4,48.8,49.9,2.6,2.4,2.8,40.8,40.3,41.4
Gujarat,Porbandar,35.0,34.2,35.8,2.0,1.7,2.2,29.8,29.0,30.5
Gujarat,Rajkot,35.7,35.4,36.1,2.1,2.0,2.2,29.3,29.0,29.6
Gujarat,Sabar Kantha,37.8,37.4,38.2,1.6,1.5,1.7,27.3,26.9,27.6
Gujarat,Surat,37.8,37.6,38.1,2.9,2.8,3.0,31.0,30.8,31.3
Gujarat,Surendranagar,37.9,37.4,38.3,1.6,1.5,1.7,31.1,30.7,31.6
Gujarat,Tapi,60.0,59.3,60.6,1.6,1.4,1.8,46.5,45.8,47.2
Gujarat,The Dangs,59.0,57.6,60.4,2.5,2.0,2.9,43.5,42.1,45.0
Gujarat,Vadodara,37.2,36.9,37.5,3.4,3.3,3.5,29.4,29.1,29.7
Gujarat,Valsad,48.7,48.2,49.2,2.4,2.3,2.6,44.3,43.8,44.8
Haryana,Ambala,23.1,22.6,23.6,4.6,4.4,4.9,20.1,19.6,20.5
Haryana,Bhiwani,22.1,21.7,22.5,4.3,4.1,4.5,18.9,18.5,19.3
Haryana,Faridabad,21.6,21.2,22.0,5.4,5.1,5.6,19.7,19.3,20.1
Haryana,Fatehabad,25.9,25.3,26.5,5.2,4.9,5.5,23.0,22.5,23.6
Haryana,Gurgaon,19.3,18.9,19.8,5.2,5.0,5.5,16.2,15.8,16.6
Haryana,Hisar,25.7,25.3,26.2,4.4,4.2,4.6,21.0,20.6,21.4
Haryana,Jhajjar,26.0,25.4,26.6,4.2,4.0,4.5,19.7,19.2,20.2
Haryana,Jind,26.5,26.0,27.0,8.1,7.8,8.4,21.5,21.0,21.9
Haryana,Kaithal,23.6,23.0,24.1,4.5,4.2,4.7,22.4,21.9,23.0
Haryana,Karnal,18.4,18.0,18.8,4.3,4.1,4.5,16.2,15.8,16.6
Haryana,Kurukshetra,18.8,18.2,19.3,5.0,4.7,5.3,15.9,15.4,16.4
Haryana,Mahendragarh,22.0,21.4,22.6,4.5,4.2,4.8,16.2,15.7,16.7
Haryana,Mewat,18.8,18.2,19.3,2.6,2.4,2.8,13.5,13.0,14.0
Haryana,Palwal,18.0,17.4,18.5,2.4,2.2,2.6,14.2,13.8,14.7
Haryana,Panchkula,20.3,19.6,21.0,5.2,4.8,5.6,17.6,17.0,18.3
Haryana,Panipat,25.4,24.9,26.0,4.6,4.3,4.9,19.9,19.4,20.4
Haryana,Rewari,27.1,26.5,27.7,4.2,3.9,4.5,19.4,18.9,20.0
Haryana,Rohtak,22.3,21.8,22.8,5.6,5.3,5.9,18.2,17.8,18.7
Haryana,Sirsa,25.3,24.8,25.8,4.2,4.0,4.4,21.4,21.0,21.9
Haryana,Sonipat,22.6,22.1,23.1,5.9,5.6,6.1,19.1,18.6,19.5
Haryana,Yamunanagar,24.7,24.1,25.2,4.3,4.0,4.5,21.2,20.7,21.7
Himanchal,Pradesh Bilaspur,29.7,29.2,30.1,9.4,9.1,9.7,22.5,22.1,22.9
Himanchal,Pradesh Chamba,29.7,29.1,30.3,9.6,9.2,10.0,19.5,19.0,20.0
Himanchal,Pradesh Hamirpur,45.1,41.4,48.7,13.3,10.9,15.8,32.7,29.3,36.1
Himanchal,Pradesh Kangra,22.6,22.0,23.2,9.9,9.4,10.3,17.8,17.3,18.4
Himanchal,Pradesh Kinnaur,30.3,29.4,31.2,9.8,9.2,10.4,20.2,19.4,21.0
Himanchal,Pradesh Kullu,42.7,40.4,45.0,12.1,10.6,13.6,28.2,26.1,30.2
Himanchal,Pradesh Lahul & Spiti,28.8,28.0,29.7,8.4,7.9,8.9,21.3,20.5,22.0
Himanchal,Pradesh Mandi,23.4,22.6,24.2,8.3,7.8,8.8,17.6,16.9,18.3
Himanchal,Pradesh Shimla,21.8,21.1,22.6,8.8,8.3,9.3,16.8,16.2,17.5
Himanchal,Pradesh Sirmaur,26.3,25.6,27.1,7.7,7.3,8.2,20.8,20.1,21.5
Himanchal,Pradesh Solan,21.2,20.5,22.0,10.0,9.4,10.5,15.7,15.1,16.4
Himanchal,Pradesh Una,27.3,26.4,28.2,11.8,11.1,12.4,20.0,19.2,20.8
Jammu & Kashmir,Anantnag,23.8,23.2,24.4,3.3,3.1,3.6,13.7,13.2,14.2
Jammu & Kashmir,Badgam,22.5,21.8,23.2,2.5,2.3,2.8,14.3,13.7,14.8
Jammu & Kashmir,Bandipore,27.2,26.2,28.2,3.7,3.3,4.2,15.1,14.2,15.9
Jammu & Kashmir,Baramula,24.6,24.0,25.2,4.0,3.7,4.2,17.3,16.8,17.9
Jammu & Kashmir,Doda,24.0,23.1,25.0,4.3,3.8,4.7,13.7,12.9,14.4
Jammu & Kashmir,Ganderbal,24.4,23.3,25.5,3.8,3.3,4.3,13.5,12.6,14.4
Jammu & Kashmir,Jammu,32.8,32.3,33.3,7.4,7.1,7.7,21.3,20.9,21.8
Jammu & Kashmir,Kargil,39.0,37.2,40.9,5.1,4.2,5.9,22.3,20.8,23.9
Jammu & Kashmir,Kathua,29.2,28.4,30.0,4.1,3.8,4.5,21.5,20.8,22.2
Jammu & Kashmir,Kishtwar,29.8,28.5,31.1,5.5,4.9,6.2,18.1,17.0,19.2
Jammu & Kashmir,Kulgam,21.7,20.8,22.5,4.3,3.8,4.7,13.3,12.6,14.0
Jammu & Kashmir,Kupwara,26.7,25.9,27.4,5.4,5.0,5.7,14.5,13.9,15.1
Jammu & Kashmir,Leh (Ladakh),43.1,41.2,45.0,5.8,4.9,6.7,33.4,31.6,35.2
Jammu & Kashmir,Pulwama,20.8,20.0,21.5,2.5,2.3,2.8,14.6,14.0,15.3
Jammu & Kashmir,Punch,33.8,32.9,34.8,4.1,3.7,4.5,19.1,18.3,19.9
Jammu & Kashmir,Rajouri,34.1,33.2,34.9,4.6,4.2,4.9,22.3,21.6,23.1
Jammu & Kashmir,Ramban,31.1,29.8,32.3,4.9,4.3,5.5,18.4,17.3,19.5
Jammu & Kashmir,Reasi,34.4,33.2,35.6,5.5,4.9,6.1,20.1,19.1,21.2
Jammu & Kashmir,Samba,28.3,27.2,29.3,4.6,4.2,5.1,20.3,19.3,21.2
Jammu & Kashmir,Shupiyan,25.2,24.1,26.4,3.7,3.2,4.2,17.3,16.3,18.3
Jammu & Kashmir,Srinagar,17.8,17.3,18.2,3.8,3.6,4.0,12.2,11.8,12.6
Jammu & Kashmir,Udhampur,36.1,35.2,37.0,4.8,4.4,5.2,22.4,21.6,23.1
Jharkhand,Bokaro,30.9,30.4,31.3,5.9,5.7,6.1,23.1,22.7,23.5
Jharkhand,Chatra,23.7,23.1,24.3,3.7,3.4,3.9,14.5,14.0,14.9
Jharkhand,Deoghar,26.4,25.9,26.9,3.3,3.1,3.6,15.5,15.1,16.0
Jharkhand,Dhanbad,23.7,23.4,24.1,4.1,4.0,4.3,18.8,18.4,19.1
Jharkhand,Dumka,28.6,28.0,29.1,5.7,5.4,6.0,20.9,20.4,21.4
Jharkhand,Garhwa,27.1,26.5,27.6,2.6,2.4,2.8,17.4,16.9,17.9
Jharkhand,Giridih,17.0,16.7,17.4,2.8,2.7,3.0,11.4,11.1,11.7
Jharkhand,Godda,24.5,24.0,25.1,3.2,2.9,3.4,19.0,18.5,19.4
Jharkhand,Gumla,28.2,27.5,28.8,5.0,4.7,5.3,20.6,20.0,21.1
Jharkhand,Hazaribagh,24.0,23.6,24.5,3.1,3.0,3.3,14.0,13.6,14.4
Jharkhand,Jamtara,17.4,16.8,18.0,2.2,1.9,2.4,12.7,12.2,13.2
Jharkhand,Khunti,31.7,30.8,32.6,2.6,2.3,2.9,21.3,20.5,22.0
Jharkhand,Kodarma,19.4,18.8,20.1,3.0,2.7,3.3,12.2,11.6,12.7
Jharkhand,Latehar,31.1,30.3,31.9,2.7,2.4,2.9,20.7,20.0,21.4
Jharkhand,Lohardaga,39.8,38.8,40.8,4.1,3.7,4.5,29.4,28.4,30.3
Jharkhand,Pakur,25.9,25.2,26.5,2.5,2.3,2.8,18.4,17.8,19.0
Jharkhand,Palamu,24.7,24.3,25.2,4.2,4.0,4.4,14.9,14.6,15.3
Jharkhand,Pashchimi Singhbhum,42.4,41.9,43.0,5.6,5.3,5.9,27.0,26.5,27.5
Jharkhand,Purbi Singhbhum,28.8,28.4,29.2,5.2,5.1,5.4,21.5,21.1,21.8
Jharkhand,Ramgarh,24.8,24.2,25.4,3.3,3.0,3.5,19.4,18.8,20.0
Jharkhand,Ranchi,26.8,26.5,27.2,5.1,4.9,5.3,21.6,21.3,21.9
Jharkhand,Sahibganj,22.4,21.8,22.9,5.0,4.7,5.3,17.6,17.1,18.1
Jharkhand,Saraikela-Kharsawan,31.2,30.6,31.8,4.3,4.1,4.6,21.0,20.4,21.5
Jharkhand,Simdega,31.3,30.4,32.1,2.7,2.4,3.0,21.2,20.5,22.0
Karnataka,Bagalkot,46.9,46.4,47.4,1.6,1.5,1.7,41.5,41.0,41.9
Karnataka,Bangalore,28.4,28.2,28.6,1.5,1.5,1.6,27.6,27.4,27.8
Karnataka,Bangalore Rural,45.9,45.2,46.5,1.7,1.5,1.8,42.4,41.8,43.0
Karnataka,Belgaum,44.5,44.2,44.8,2.1,2.1,2.2,38.0,37.7,38.2
Karnataka,Bellary,44.6,44.2,45.1,1.6,1.5,1.7,39.4,39.0,39.9
Karnataka,Bidar,44.2,43.7,44.7,2.1,2.0,2.3,36.9,36.4,37.4
Karnataka,Bijapur,46.5,46.0,46.9,1.6,1.5,1.7,41.4,40.9,41.8
Karnataka,Chamarajanagar,49.2,48.6,49.9,2.2,2.0,2.4,47.7,47.0,48.3
Karnataka,Chikkaballapura,46.5,45.9,47.1,1.5,1.4,1.6,44.2,43.7,44.8
Karnataka,Chikmagalur,42.6,42.0,43.1,1.5,1.3,1.6,41.6,41.1,42.2
Karnataka,Chitradurga,47.1,46.6,47.6,2.2,2.1,2.3,40.5,40.0,41.0
Karnataka,Dakshina Kannada,36.4,36.0,36.8,1.4,1.3,1.5,34.7,34.3,35.1
Karnataka,Davanagere,43.1,42.6,43.5,2.3,2.2,2.5,38.2,37.7,38.6
Karnataka,Dharwad,35.2,34.8,35.7,2.8,2.6,2.9,33.3,32.9,33.8
Karnataka,Gadag,42.1,41.5,42.8,1.8,1.7,2.0,39.3,38.7,39.9
Karnataka,Gulbarga,41.5,41.0,41.9,1.9,1.8,2.1,34.7,34.3,35.1
Karnataka,Hassan,38.6,38.2,39.1,1.6,1.5,1.7,38.0,37.5,38.4
Karnataka,Haveri,38.3,37.8,38.8,2.0,1.8,2.1,33.2,32.7,33.7
Karnataka,Kodagu,41.0,40.2,41.8,2.1,1.8,2.3,38.1,37.3,38.9
Karnataka,Kolar,49.5,49.0,50.0,3.5,3.3,3.7,45.8,45.2,46.3
Karnataka,Koppal,50.2,49.6,50.8,1.6,1.5,1.8,44.6,44.0,45.1
Karnataka,Mandya,42.6,42.2,43.1,2.4,2.2,2.5,38.1,37.7,38.6
Karnataka,Mysore,45.8,45.4,46.1,1.9,1.8,2.0,43.5,43.1,43.8
Karnataka,Raichur,50.8,50.3,51.3,2.0,1.9,2.2,39.9,39.4,40.3
Karnataka,Ramanagara,47.9,47.3,48.5,1.7,1.5,1.8,43.5,42.9,44.1
Karnataka,Shimoga,34.7,34.3,35.2,1.2,1.1,1.3,34.3,33.8,34.7
Karnataka,Tumkur,46.4,46.0,46.7,1.7,1.6,1.8,43.3,42.9,43.7
Karnataka,Udupi,39.3,38.7,39.8,1.8,1.6,1.9,39.1,38.6,39.6
Karnataka,Uttara Kannada,34.8,34.3,35.3,1.2,1.1,1.3,32.7,32.2,33.2
Karnataka,Yadgir,53.7,53.0,54.3,1.5,1.4,1.7,43.9,43.3,44.5
Kerala,Alappuzha,29.0,28.6,29.3,4.0,3.9,4.2,28.2,27.8,28.6
Kerala,Ernakulam,29.3,29.0,29.6,6.0,5.8,6.1,30.2,29.9,30.5
Kerala,Idukki,30.1,29.6,30.7,8.5,8.2,8.9,30.0,29.5,30.5
Kerala,Kannur,25.3,25.0,25.7,5.3,5.1,5.5,23.7,23.3,24.0
Kerala,Kasaragod,27.0,26.5,27.5,1.6,1.5,1.8,24.2,23.7,24.6
Kerala,Kollam,30.9,30.6,31.3,7.2,7.0,7.4,30.9,30.6,31.2
Kerala,Kottayam,27.4,27.1,27.8,6.2,6.0,6.4,27.1,26.7,27.4
Kerala,Kozhikode,24.4,24.1,24.7,4.4,4.3,4.5,24.8,24.5,25.1
Kerala,Malappuram,18.4,18.1,18.6,2.3,2.2,2.4,18.0,17.8,18.3
Kerala,Palakkad,28.4,28.1,28.7,4.3,4.2,4.5,28.0,27.6,28.3
Kerala,Pathanamthitta,33.7,33.2,34.3,4.7,4.5,4.9,33.9,33.4,34.4
Kerala,Thiruvananthapuram,25.0,24.7,25.3,5.2,5.1,5.3,25.6,25.3,25.9
Kerala,Thrissur,27.7,27.4,28.0,6.3,6.1,6.5,26.3,26.0,26.6
Kerala,Wayanad,31.5,30.9,32.2,3.8,3.5,4.0,31.5,30.8,32.1
Lakshadweep,Lakshadweep,10.9,9.3,12.5,2.9,2.1,3.8,10.9,9.3,12.5
Madhya Pradesh,Alirajpur,60.8,60.0,61.6,4.8,4.4,5.2,48.4,47.6,49.3
Madhya Pradesh,Anuppur,45.9,45.1,46.7,4.6,4.3,4.9,32.8,32.1,33.5
Madhya Pradesh,Ashoknagar,27.8,27.2,28.5,3.4,3.1,3.7,20.6,20.0,21.2
Madhya Pradesh,Balaghat,41.7,41.3,42.2,3.3,3.1,3.4,31.0,30.5,31.4
Madhya Pradesh,Barwani,44.8,44.2,45.4,5.5,5.3,5.8,30.2,29.7,30.8
Madhya Pradesh,Betul,40.4,39.9,41.0,3.8,3.6,4.0,29.5,29.0,30.0
Madhya Pradesh,Bhind,26.5,26.1,27.0,6.0,5.7,6.2,20.1,19.7,20.5
Madhya Pradesh,Bhopal,31.3,30.9,31.7,5.3,5.1,5.5,27.6,27.2,28.0
Madhya Pradesh,Burhanpur,34.5,33.8,35.3,3.3,3.0,3.6,22.8,22.1,23.4
Madhya Pradesh,Chhatarpur,25.6,25.1,26.1,3.3,3.1,3.5,19.3,18.8,19.7
Madhya Pradesh,Chhindwara,35.0,34.6,35.4,4.5,4.3,4.7,25.1,24.7,25.5
Madhya Pradesh,Damoh,44.6,44.0,45.2,2.8,2.6,3.1,37.5,36.9,38.1
Madhya Pradesh,Datia,37.3,36.6,38.1,2.5,2.3,2.7,27.0,26.3,27.7
Madhya Pradesh,Dewas,37.1,36.6,37.6,4.8,4.5,5.0,30.7,30.2,31.2
Madhya Pradesh,Dhar,45.7,45.2,46.1,3.0,2.9,3.2,34.0,33.5,34.4
Madhya Pradesh,Dindori,53.3,52.5,54.1,5.1,4.7,5.4,39.2,38.4,40.0
Madhya Pradesh,East Nimar (Khandwa),35.2,34.6,35.7,7.9,7.6,8.2,27.9,27.4,28.5
Madhya Pradesh,Guna,31.1,30.5,31.7,7.1,6.7,7.4,24.4,23.8,24.9
Madhya Pradesh,Gwalior,28.5,28.1,29.0,4.1,3.9,4.3,24.5,24.1,24.9
Madhya Pradesh,Harda,38.8,37.9,39.7,4.8,4.4,5.2,32.9,32.1,33.8
Madhya Pradesh,Hoshangabad,38.6,38.1,39.2,4.3,4.1,4.6,31.0,30.4,31.5
Madhya Pradesh,Indore,30.9,30.6,31.3,4.3,4.2,4.5,25.6,25.3,25.9
Madhya Pradesh,Jabalpur,35.7,35.3,36.1,4.8,4.7,5.0,27.6,27.2,28.0
Madhya Pradesh,Jhabua,58.2,57.5,58.9,3.6,3.4,3.9,42.6,41.9,43.3
Madhya Pradesh,Katni,34.8,34.2,35.4,4.2,4.0,4.5,25.4,24.9,26.0
Madhya Pradesh,Mandla,42.7,42.1,43.3,2.9,2.7,3.2,34.2,33.6,34.8
Madhya Pradesh,Mandsaur,33.9,33.4,34.5,3.8,3.6,4.1,25.2,24.7,25.7
Madhya Pradesh,Morena,25.6,25.2,26.1,3.9,3.8,4.1,17.7,17.3,18.1
Madhya Pradesh,Narsimhapur,32.9,32.3,33.5,5.2,4.9,5.5,24.6,24.0,25.1
Madhya Pradesh,Neemuch,34.4,33.7,35.1,5.1,4.8,5.4,24.7,24.1,25.4
Madhya Pradesh,Panna,24.6,24.0,25.2,2.3,2.1,2.6,19.0,18.5,19.6
Madhya Pradesh,Raisen,35.8,35.2,36.4,3.9,3.7,4.2,29.7,29.1,30.2
Madhya Pradesh,Rajgarh,29.9,29.4,30.4,1.3,1.1,1.4,17.8,17.4,18.2
Madhya Pradesh,Ratlam,37.6,37.1,38.1,4.2,4.0,4.4,28.9,28.4,29.4
Madhya Pradesh,Rewa,40.4,40.0,40.8,6.2,6.0,6.4,29.9,29.4,30.3
Madhya Pradesh,Sagar,27.4,27.0,27.8,3.9,3.7,4.0,19.4,19.1,19.8
Madhya Pradesh,Satna,27.9,27.4,28.3,3.6,3.4,3.7,21.2,20.8,21.6
Madhya Pradesh,Sehore,34.3,33.7,34.9,3.7,3.5,3.9,25.4,24.9,25.9
Madhya Pradesh,Seoni,40.2,39.6,40.8,3.7,3.5,3.9,27.8,27.3,28.3
Madhya Pradesh,Shahdol,50.2,49.5,50.8,3.1,2.9,3.4,42.7,42.1,43.4
Madhya Pradesh,Shajapur,35.8,35.3,36.3,5.2,5.0,5.5,25.7,25.2,26.1
Madhya Pradesh,Sheopur,44.7,43.8,45.5,5.9,5.5,6.3,31.9,31.1,32.7
Madhya Pradesh,Shivpuri,35.7,35.2,36.3,5.4,5.2,5.7,25.4,24.9,25.8
Madhya Pradesh,Sidhi,24.1,23.6,24.7,2.2,2.0,2.4,18.4,17.9,19.0
Madhya Pradesh,Singrauli,46.9,46.3,47.6,2.6,2.4,2.8,37.2,36.6,37.9
Madhya Pradesh,Tikamgarh,36.8,36.2,37.3,5.3,5.1,5.6,24.4,23.9,24.9
Madhya Pradesh,Ujjain,36.2,35.7,36.6,3.5,3.3,3.7,29.1,28.6,29.5
Madhya Pradesh,Umaria,38.7,37.9,39.6,4.6,4.2,4.9,27.1,26.4,27.9
Madhya Pradesh,Vidisha,30.8,30.2,31.3,3.6,3.3,3.8,22.1,21.6,22.6
Madhya Pradesh,West Nimar (Khargone),34.9,34.5,35.4,7.7,7.5,8.0,27.4,27.0,27.9
Maharashtra,Ahmadnagar,43.8,43.5,44.1,3.0,2.9,3.1,33.3,33.0,33.6
Maharashtra,Akola,40.0,39.5,40.5,3.1,2.9,3.3,36.2,35.7,36.7
Maharashtra,Amravati,43.2,42.9,43.6,3.6,3.5,3.8,39.3,38.9,39.7
Maharashtra,Aurangabad,41.7,41.3,42.0,4.0,3.8,4.1,37.2,36.8,37.5
Maharashtra,Bhandara,41.7,41.2,42.3,1.6,1.4,1.7,35.9,35.4,36.5
Maharashtra,Bid,37.5,37.1,37.9,1.4,1.3,1.5,30.8,30.4,31.2
Maharashtra,Buldana,38.2,37.8,38.6,1.4,1.3,1.5,31.9,31.5,32.3
Maharashtra,Chandrapur,47.8,47.4,48.2,3.9,3.7,4.1,41.7,41.3,42.1
Maharashtra,Dhule,47.0,46.6,47.5,3.3,3.2,3.5,40.1,39.7,40.6
Maharashtra,Gadchiroli,54.3,53.7,54.9,3.2,3.0,3.4,41.7,41.1,42.3
Maharashtra,Gondiya,36.0,35.5,36.6,3.1,2.9,3.3,28.1,27.6,28.6
Maharashtra,Hingoli,43.1,42.4,43.7,3.5,3.3,3.7,33.5,32.9,34.1
Maharashtra,Jalgaon,36.3,36.0,36.6,2.3,2.2,2.4,31.4,31.1,31.6
Maharashtra,Jalna,47.6,47.1,48.1,2.8,2.7,3.0,40.0,39.5,40.4
Maharashtra,Kolhapur,38.2,37.8,38.5,2.9,2.8,3.0,34.3,34.0,34.6
Maharashtra,Latur,43.6,43.2,44.0,2.6,2.5,2.7,35.7,35.3,36.2
Maharashtra,Mumbai,37.3,36.9,37.7,3.5,3.3,3.6,35.7,35.3,36.0
Maharashtra,Mumbai Suburban,37.2,37.0,37.4,4.3,4.2,4.4,34.7,34.5,34.9
Maharashtra,Nagpur,37.0,36.8,37.3,4.2,4.1,4.4,33.1,32.9,33.4
Maharashtra,Nanded,48.6,48.2,48.9,2.9,2.8,3.0,38.4,38.0,38.7
Maharashtra,Nandurbar,54.8,54.3,55.3,4.3,4.1,4.6,42.8,42.3,43.3
Maharashtra,Nashik,41.6,41.4,41.9,6.1,5.9,6.2,34.9,34.7,35.2
Maharashtra,Osmanabad,50.2,49.7,50.7,5.6,5.4,5.8,38.9,38.4,39.4
Maharashtra,Parbhani,45.0,44.5,45.5,3.3,3.1,3.5,32.6,32.1,33.1
Maharashtra,Pune,42.9,42.7,43.1,4.2,4.1,4.3,37.1,36.9,37.3
Maharashtra,Raigarh,37.4,37.0,37.7,4.5,4.3,4.7,31.5,31.1,31.8
Maharashtra,Ratnagiri,46.4,45.9,46.9,4.4,4.2,4.6,40.6,40.2,41.1
Maharashtra,Sangli,39.0,38.6,39.4,1.1,1.0,1.2,32.1,31.7,32.4
Maharashtra,Satara,44.3,43.9,44.6,5.4,5.3,5.6,38.4,38.0,38.7
Maharashtra,Sindhudurg,44.7,44.1,45.4,3.4,3.2,3.7,34.6,33.9,35.2
Maharashtra,Solapur,51.7,51.4,52.0,4.2,4.1,4.3,44.7,44.4,45.0
Maharashtra,Thane,38.1,37.9,38.3,3.5,3.4,3.5,34.6,34.4,34.8
Maharashtra,Wardha,42.4,41.9,43.0,3.0,2.8,3.2,37.4,36.9,38.0
Maharashtra,Washim,42.2,41.6,42.8,2.3,2.2,2.5,29.4,28.9,30.0
Maharashtra,Yavatmal,46.1,45.7,46.5,2.0,1.9,2.1,36.8,36.5,37.2
Manipur,Bishnupur,45.2,43.9,46.6,11.4,10.5,12.2,39.5,38.2,40.8
Manipur,Chandel,61.0,59.3,62.7,13.9,12.7,15.1,49.9,48.2,51.6
Manipur,Churachandpur,47.2,46.0,48.5,9.9,9.2,10.7,37.3,36.1,38.6
Manipur,Imphal East,40.9,40.0,41.9,11.6,11.0,12.2,35.1,34.2,36.0
Manipur,Imphal West,47.8,46.9,48.7,11.3,10.7,11.8,40.4,39.5,41.3
Manipur,Senapati,55.9,54.9,56.9,10.9,10.3,11.5,42.1,41.1,43.0
Manipur,Tamenglong,55.7,53.9,57.5,6.3,5.4,7.2,47.3,45.5,49.1
Manipur,Thoubal,41.2,40.2,42.2,10.3,9.7,11.0,34.8,33.8,35.8
Manipur,Ukhrul,58.2,56.6,59.7,8.5,7.6,9.3,43.3,41.7,44.8
Meghalaya,East Garo Hills,41.7,40.5,43.0,7.4,6.7,8.1,33.1,31.9,34.3
Meghalaya,East Khasi Hills,46.3,45.5,47.0,8.6,8.2,9.1,40.4,39.7,41.2
Meghalaya,Jaintia Hills,53.2,52.1,54.4,13.1,12.3,13.9,47.0,45.9,48.2
Meghalaya,Ribhoi,53.7,52.2,55.1,7.6,6.8,8.4,46.3,44.9,47.8
Meghalaya,South Garo Hills,48.3,46.3,50.2,6.3,5.4,7.3,35.6,33.8,37.5
Meghalaya,West Garo Hills,44.4,43.5,45.2,8.9,8.4,9.4,37.1,36.2,37.9
Meghalaya,West Khasi Hills,48.5,47.3,49.7,9.5,8.8,10.3,37.1,35.9,38.2
Mizoram,Aizawl,33.8,32.8,34.7,13.6,12.9,14.3,31.6,30.7,32.6
Mizoram,Champhai,38.1,36.3,40.0,15.8,14.4,17.1,30.6,28.9,32.4
Mizoram,Kolasib,36.6,34.3,38.8,15.8,14.1,17.5,28.9,26.8,31.1
Mizoram,Lawngtlai,39.5,37.5,41.6,12.7,11.3,14.1,28.5,26.6,30.4
Mizoram,Lunglei,32.1,30.5,33.7,12.2,11.1,13.3,27.4,25.9,29.0
Mizoram,Mamit,37.5,35.2,39.8,14.5,12.8,16.2,28.8,26.6,30.9
Mizoram,Saiha,35.7,32.9,38.4,12.6,10.7,14.6,23.9,21.5,26.4
Mizoram,Serchhip,38.5,35.9,41.0,17.5,15.5,19.5,34.4,31.9,36.9
Nagaland,Dimapur,36.0,35.0,37.1,9.9,9.2,10.5,23.4,22.4,24.3
Nagaland,Kiphire,38.9,36.3,41.5,3.8,2.7,4.8,14.4,12.5,16.2
Nagaland,Kohima,42.2,40.9,43.5,11.7,10.8,12.5,27.3,26.1,28.5
Nagaland,Longleng,39.4,36.3,42.5,4.1,2.8,5.3,15.1,12.8,17.4
Nagaland,Mokokchung,39.8,38.4,41.3,9.9,9.0,10.8,25.6,24.3,26.9
Nagaland,Mon,51.4,50.0,52.8,7.8,7.0,8.6,29.4,28.1,30.7
Nagaland,Peren,41.8,39.5,44.0,6.8,5.6,7.9,19.0,17.2,20.8
Nagaland,Phek,42.7,41.0,44.4,8.6,7.6,9.5,22.3,20.8,23.7
Nagaland,Tuensang,47.8,46.2,49.4,6.0,5.2,6.8,25.7,24.3,27.1
Nagaland,Wokha,30.9,29.4,32.4,8.1,7.2,8.9,16.0,14.8,17.2
Nagaland,Zunheboto,35.5,33.8,37.2,7.2,6.3,8.2,17.1,15.7,18.5
NCT,of Delhi Central,26.7,25.9,27.4,7.2,6.8,7.7,26.8,26.0,27.5
NCT,of Delhi East,26.5,26.0,26.9,7.9,7.6,8.1,26.1,25.7,26.5
NCT,of Delhi New Delhi,29.7,28.1,31.3,8.2,7.2,9.1,28.6,27.0,30.1
NCT,of Delhi North,23.1,22.5,23.7,3.7,3.4,4.0,23.6,23.0,24.1
NCT,of Delhi North East,26.0,25.6,26.4,5.9,5.7,6.1,24.6,24.2,25.0
NCT,of Delhi North West,23.6,23.3,23.9,4.0,3.9,4.2,23.2,22.9,23.5
NCT,of Delhi South,22.8,22.5,23.1,3.9,3.8,4.1,22.7,22.4,23.1
NCT,of Delhi South West,27.3,27.0,27.7,8.3,8.0,8.5,26.3,25.9,26.7
NCT,of Delhi West,26.2,25.8,26.6,7.9,7.7,8.2,25.7,25.4,26.1
Odisha,Anugul,20.4,19.9,20.8,3.7,3.5,3.9,18.3,17.8,18.7
Odisha,Balangir,37.4,36.9,37.9,3.8,3.6,4.0,32.3,31.8,32.8
Odisha,Baleshwar,25.7,25.4,26.1,5.3,5.1,5.5,21.0,20.7,21.4
Odisha,Bargarh,27.9,27.4,28.4,3.7,3.5,3.9,24.9,24.4,25.4
Odisha,Baudh,32.8,31.8,33.7,4.1,3.7,4.5,27.4,26.5,28.3
Odisha,Bhadrak,23.3,22.8,23.7,3.2,3.0,3.4,18.5,18.1,18.9
Odisha,Cuttack,24.4,24.0,24.7,4.0,3.9,4.2,24.5,24.1,24.8
Odisha,Debagarh,42.3,41.1,43.4,4.9,4.4,5.4,38.7,37.5,39.8
Odisha,Dhenkanal,29.4,28.9,30.0,5.9,5.7,6.2,23.4,22.9,23.9
Odisha,Gajapati,35.7,34.9,36.6,4.1,3.7,4.4,28.2,27.4,29.0
Odisha,Ganjam,23.8,23.5,24.1,5.2,5.1,5.4,21.3,21.0,21.5
Odisha,Jagatsinghapur,24.2,23.7,24.7,2.5,2.3,2.7,23.3,22.8,23.8
Odisha,Jajapur,24.8,24.4,25.3,4.8,4.6,5.0,22.7,22.3,23.1
Odisha,Jharsuguda,27.3,26.5,28.0,4.8,4.4,5.1,27.0,26.3,27.8
Odisha,Kalahandi,30.5,30.0,30.9,4.3,4.1,4.5,25.5,25.1,26.0
Odisha,Kandhamal,34.2,33.5,35.0,3.9,3.6,4.2,31.7,30.9,32.4
Odisha,Kendrapara,16.5,16.2,16.9,3.0,2.8,3.2,16.2,15.8,16.6
Odisha,Kendujhar,28.2,27.8,28.7,4.6,4.4,4.8,23.2,22.8,23.6
Odisha,Khordha,22.8,22.4,23.2,4.3,4.1,4.4,21.8,21.4,22.1
Odisha,Koraput,42.9,42.3,43.5,7.8,7.5,8.1,38.0,37.4,38.5
Odisha,Malkangiri,45.0,44.1,45.9,5.1,4.7,5.5,38.1,37.3,39.0
Odisha,Mayurbhanj,31.9,31.5,32.3,3.8,3.6,3.9,29.8,29.4,30.2
Odisha,Nabarangapur,33.9,33.3,34.4,6.4,6.1,6.7,31.2,30.7,31.8
Odisha,Nayagarh,26.5,25.9,27.1,5.4,5.1,5.7,21.1,20.5,21.6
Odisha,Nuapada,31.5,30.8,32.3,3.9,3.6,4.3,29.9,29.1,30.7
Odisha,Puri,22.7,22.3,23.1,3.7,3.5,3.9,24.0,23.6,24.4
Odisha,Rayagada,43.7,43.1,44.4,8.0,7.6,8.3,34.9,34.3,35.6
Odisha,Sambalpur,33.0,32.4,33.6,7.1,6.7,7.4,30.6,30.0,31.2
Odisha,Subarnapur,26.8,26.0,27.5,2.0,1.8,2.3,17.7,17.1,18.3
Odisha,Sundargarh,36.8,36.3,37.2,5.0,4.8,5.2,34.1,33.7,34.6
Puducherry,Karaikal,28.9,27.6,30.2,3.5,3.0,4.0,28.5,27.2,29.7
Puducherry,Mahe,18.1,15.8,20.3,2.1,1.2,2.9,17.8,15.5,20.0
Puducherry,Puducherry,37.4,36.8,38.0,3.5,3.2,3.7,36.3,35.7,36.9
Puducherry,Yanam,31.5,29.0,34.0,2.5,1.6,3.3,31.1,28.6,33.5
Punjab,Amritsar,21.2,20.9,21.6,1.7,1.6,1.8,21.5,21.1,21.8
Punjab,Barnala,22.9,22.1,23.6,1.5,1.3,1.7,21.2,20.5,21.8
Punjab,Bathinda,20.1,19.6,20.5,2.0,1.9,2.2,18.9,18.5,19.3
Punjab,Faridkot,24.8,24.1,25.6,1.6,1.4,1.8,22.5,21.8,23.2
Punjab,Fatehgarh Sahib,24.3,23.6,25.0,2.8,2.5,3.1,20.5,19.8,21.1
Punjab,Firozpur,24.1,23.7,24.5,2.2,2.0,2.3,22.2,21.8,22.6
Punjab,Gurdaspur,22.1,21.7,22.4,2.6,2.4,2.7,19.7,19.3,20.0
Punjab,Hoshiarpur,27.4,27.0,27.9,3.2,3.0,3.3,22.5,22.0,22.9
Punjab,Jalandhar,28.2,27.8,28.6,2.7,2.6,2.9,26.8,26.4,27.2
Punjab,Kapurthala,28.0,27.4,28.7,2.2,2.0,2.4,26.3,25.7,27.0
Punjab,Ludhiana,25.1,24.8,25.4,2.4,2.3,2.5,23.5,23.2,23.8
Punjab,Mansa,23.3,22.7,24.0,3.5,3.2,3.7,21.7,21.1,22.3
Punjab,Moga,27.4,26.8,28.0,2.0,1.8,2.2,24.0,23.4,24.6
Punjab,Muktsar,27.4,26.8,28.0,3.0,2.8,3.2,25.4,24.8,26.0
Punjab,Patiala,24.1,23.7,24.5,3.1,2.9,3.2,20.1,19.7,20.5
Punjab,Rupnagar,24.8,24.1,25.5,2.8,2.6,3.1,20.5,19.8,21.1
Punjab,Sahibzada Ajit Singh Nagar,16.6,16.1,17.1,1.3,1.1,1.4,15.7,15.2,16.2
Punjab,Sangrur,19.4,19.0,19.8,1.9,1.8,2.1,18.0,17.6,18.4
Punjab,Shahid Bhagat Singh Nagar,28.9,28.2,29.6,2.3,2.0,2.5,26.5,25.8,27.2
Punjab,Taran Taran,23.7,23.1,24.2,2.0,1.8,2.2,23.2,22.7,23.8
Rajasthan,Ajmer,24.8,24.5,25.2,3.2,3.0,3.3,17.1,16.8,17.4
Rajasthan,Alwar,26.1,25.8,26.4,3.2,3.1,3.3,16.9,16.6,17.1
Rajasthan,Banswara,37.1,36.6,37.6,1.7,1.6,1.8,15.9,15.5,16.3
Rajasthan,Baran,34.1,33.5,34.7,2.9,2.7,3.1,20.6,20.1,21.1
Rajasthan,Barmer,20.8,20.4,21.2,2.5,2.3,2.6,11.0,10.8,11.3
Rajasthan,Bharatpur,22.9,22.6,23.3,2.6,2.5,2.8,14.1,13.8,14.4
Rajasthan,Bhilwara,36.1,35.7,36.6,4.0,3.9,4.2,24.9,24.5,25.3
Rajasthan,Bikaner,22.9,22.5,23.3,3.2,3.0,3.4,16.3,16.0,16.6
Rajasthan,Bundi,37.2,36.6,37.8,5.9,5.6,6.2,21.2,20.6,21.7
Rajasthan,Chittaurgarh,31.1,30.6,31.6,3.4,3.2,3.6,16.9,16.5,17.3
Rajasthan,Churu,25.3,24.9,25.7,2.2,2.0,2.3,15.3,14.9,15.6
Rajasthan,Dausa,30.2,29.7,30.7,3.4,3.2,3.6,17.0,16.6,17.4
Rajasthan,Dhaulpur,17.4,16.8,17.9,1.9,1.8,2.1,9.1,8.7,9.5
Rajasthan,Dungarpur,38.6,38.1,39.2,2.8,2.7,3.0,20.4,20.0,20.9
Rajasthan,Ganganagar,28.7,28.3,29.1,2.7,2.5,2.9,18.8,18.4,19.2
Rajasthan,Hanumangarh,25.8,25.4,26.3,2.4,2.2,2.5,17.4,17.0,17.8
Rajasthan,Jaipur,23.4,23.2,23.6,3.8,3.7,3.9,15.3,15.1,15.5
Rajasthan,Jaisalmer,21.9,21.1,22.6,2.3,2.1,2.6,13.3,12.7,14.0
Rajasthan,Jalor,34.9,34.4,35.4,5.6,5.4,5.8,18.8,18.4,19.3
Rajasthan,Jhalawar,31.9,31.4,32.4,2.7,2.5,2.9,19.1,18.6,19.5
Rajasthan,Jhunjhunun,21.3,20.9,21.6,3.9,3.8,4.1,12.8,12.5,13.1
Rajasthan,Jodhpur,26.1,25.8,26.4,5.5,5.4,5.7,16.9,16.7,17.2
Rajasthan,Karauli,25.2,24.7,25.7,4.6,4.3,4.8,14.3,13.9,14.7
Rajasthan,Kota,24.8,24.4,25.3,3.2,3.0,3.4,19.7,19.4,20.1
Rajasthan,Nagaur,24.9,24.5,25.2,2.3,2.2,2.4,15.7,15.4,15.9
Rajasthan,Pali,30.5,30.1,31.0,2.8,2.6,2.9,19.2,18.8,19.6
Rajasthan,Pratapgarh,38.3,37.6,39.0,2.9,2.6,3.1,20.8,20.2,21.4
Rajasthan,Rajsamand,28.1,27.5,28.7,3.0,2.8,3.2,18.2,17.7,18.7
Rajasthan,Sawai Madhopur,34.9,34.3,35.5,3.7,3.5,3.9,18.1,17.7,18.6
Rajasthan,Sikar,24.5,24.1,24.8,4.3,4.1,4.5,14.9,14.6,15.2
Rajasthan,Sirohi,37.6,37.0,38.3,4.8,4.5,5.1,24.6,24.0,25.1
Rajasthan,Tonk,32.4,31.9,33.0,2.8,2.6,3.0,20.4,19.9,20.9
Rajasthan,Udaipur,37.7,37.3,38.1,4.6,4.4,4.7,20.8,20.5,21.2
Sikkim,East District,35.7,34.5,36.9,19.8,18.8,20.8,33.1,31.9,34.2
Sikkim,North,42.3,38.9,45.7,16.7,14.1,19.2,32.4,29.2,35.6
Sikkim,South District,34.7,33.0,36.3,11.1,10.0,12.2,30.9,29.3,32.5
Sikkim,West District,34.6,32.9,36.4,7.2,6.3,8.2,30.1,28.5,31.8
Tamil Nadu,Ariyalur,43.5,42.8,44.2,3.0,2.7,3.2,41.3,40.6,42.0
Tamil Nadu,Chennai,31.0,30.8,31.3,2.5,2.5,2.6,31.1,30.8,31.3
Tamil Nadu,Coimbatore,46.6,46.3,46.9,4.5,4.4,4.6,45.5,45.2,45.8
Tamil Nadu,Cuddalore,46.4,46.0,46.8,4.8,4.6,4.9,42.3,42.0,42.7
Tamil Nadu,Dharmapuri,41.8,41.3,42.4,3.1,2.9,3.3,40.7,40.2,41.3
Tamil Nadu,Dindigul,42.3,41.8,42.7,3.9,3.7,4.0,41.4,41.0,41.8
Tamil Nadu,Erode,47.0,46.6,47.5,5.6,5.4,5.8,43.9,43.5,44.3
Tamil Nadu,Kancheepuram,44.5,44.2,44.8,4.1,4.0,4.3,41.7,41.4,42.0
Tamil Nadu,Kanniyakumari,29.3,28.9,29.7,4.8,4.6,5.0,29.8,29.4,30.2
Tamil Nadu,Karur,51.5,50.9,52.1,3.9,3.6,4.1,48.2,47.6,48.8
Tamil Nadu,Krishnagiri,39.8,39.3,40.2,3.4,3.2,3.5,39.0,38.5,39.4
Tamil Nadu,Madurai,37.1,36.7,37.4,4.5,4.4,4.7,35.8,35.5,36.2
Tamil Nadu,Nagapattinam,42.3,41.8,42.7,3.2,3.0,3.4,41.9,41.5,42.4
Tamil Nadu,Namakkal,48.2,47.7,48.6,5.3,5.1,5.5,44.1,43.6,44.5
Tamil Nadu,Perambalur,52.4,51.6,53.2,5.1,4.7,5.4,51.1,50.3,51.9
Tamil Nadu,Pudukkottai,49.2,48.7,49.6,7.0,6.7,7.2,46.1,45.6,46.6
Tamil Nadu,Ramanathapuram,36.6,36.1,37.1,2.2,2.1,2.4,35.9,35.4,36.4
Tamil Nadu,Salem,40.9,40.5,41.2,5.9,5.7,6.0,37.4,37.1,37.7
Tamil Nadu,Sivaganga,47.3,46.8,47.8,3.9,3.7,4.1,41.9,41.3,42.4
Tamil Nadu,Thanjavur,37.4,37.0,37.8,2.5,2.4,2.6,36.9,36.5,37.3
Tamil Nadu,The Nilgiris,50.2,49.5,50.9,4.2,3.9,4.5,44.9,44.2,45.6
Tamil Nadu,Theni,48.2,47.7,48.8,3.8,3.5,4.0,45.5,44.9,46.0
Tamil Nadu,Thiruvallur,45.9,45.6,46.2,5.0,4.8,5.1,43.4,43.1,43.8
Tamil Nadu,Thiruvarur,52.5,52.0,53.1,4.8,4.6,5.0,51.2,50.7,51.8
Tamil Nadu,Thoothukkudi,42.3,41.9,42.8,2.9,2.8,3.1,40.5,40.1,41.0
Tamil Nadu,Tiruchirappalli,46.6,46.3,47.0,3.7,3.5,3.8,44.3,44.0,44.7
Tamil Nadu,Tirunelveli,38.5,38.2,38.9,5.6,5.4,5.8,35.8,35.5,36.2
Tamil Nadu,Tiruppur,45.8,45.4,46.2,4.2,4.1,4.4,43.5,43.1,43.9
Tamil Nadu,Tiruvannamalai,49.2,48.8,49.6,4.9,4.8,5.1,47.7,47.3,48.1
Tamil Nadu,Vellore,45.8,45.5,46.1,3.6,3.5,3.7,42.6,42.3,42.9
Tamil Nadu,Viluppuram,47.4,47.0,47.7,3.2,3.1,3.3,45.1,44.7,45.4
Tamil Nadu,Virudhunagar,47.4,47.0,47.9,5.8,5.6,6.0,45.6,45.2,46.1
Telangana,Adilabad,51.7,51.3,52.1,3.3,3.1,3.4,49.3,48.9,49.7
Telangana,Hyderabad,36.0,35.7,36.3,2.5,2.4,2.6,37.0,36.7,37.3
Telangana,Karimnagar,50.8,50.5,51.1,3.1,3.0,3.3,45.1,44.7,45.4
Telangana,Khammam,47.9,47.5,48.3,2.4,2.3,2.5,43.0,42.6,43.4
Telangana,Mahbubnagar,54.6,54.2,54.9,2.8,2.7,2.9,50.2,49.8,50.5
Telangana,Medak,46.8,46.5,47.2,2.7,2.6,2.8,42.5,42.1,42.9
Telangana,Nalgonda,54.9,54.5,55.2,4.1,3.9,4.2,50.4,50.1,50.7
Telangana,Nizamabad,58.7,58.3,59.1,3.7,3.5,3.8,55.9,55.5,56.3
Telangana,Rangareddy,36.5,36.2,36.7,3.2,3.1,3.3,34.9,34.6,35.2
Telangana,Warangal,51.3,50.9,51.6,3.4,3.3,3.5,48.8,48.4,49.1
Tripura,Dhalai,33.1,32.1,34.2,1.3,1.1,1.6,27.8,26.8,28.8
Tripura,North Tripura,24.7,24.0,25.4,1.9,1.7,2.1,20.1,19.5,20.8
Tripura,South Tripura,29.6,29.0,30.2,2.1,1.9,2.3,23.3,22.7,23.8
Tripura,West Tripura,33.8,33.4,34.3,3.0,2.8,3.1,25.7,25.3,26.2
Uttar Pradesh,Agra,19.1,18.8,19.3,3.1,3.0,3.2,16.5,16.2,16.7
Uttar Pradesh,Aligarh,29.6,29.3,30.0,4.4,4.2,4.5,24.6,24.3,25.0
Uttar Pradesh,Allahabad,21.0,20.7,21.2,3.5,3.4,3.6,16.4,16.2,16.6
Uttar Pradesh,Ambedkar Nagar,20.6,20.2,20.9,2.2,2.1,2.3,13.7,13.4,14.0
Uttar Pradesh,Auraiya,21.7,21.2,22.2,2.4,2.2,2.6,15.7,15.2,16.1
Uttar Pradesh,Azamgarh,14.8,14.5,15.0,2.2,2.1,2.2,10.0,9.8,10.2
Uttar Pradesh,Baghpat,19.8,19.3,20.3,2.0,1.9,2.2,15.4,14.9,15.8
Uttar Pradesh,Bahraich,17.5,17.2,17.7,1.3,1.2,1.4,9.1,8.9,9.3
Uttar Pradesh,Ballia,20.5,20.2,20.8,2.4,2.3,2.5,16.5,16.2,16.8
Uttar Pradesh,Balrampur,19.8,19.4,20.2,2.1,1.9,2.2,12.3,12.0,12.7
Uttar Pradesh,Banda,26.7,26.2,27.2,4.6,4.4,4.9,16.7,16.3,17.1
Uttar Pradesh,Bara Banki,23.1,22.7,23.4,2.9,2.7,3.0,16.2,15.9,16.5
Uttar Pradesh,Bareilly,21.5,21.2,21.8,3.7,3.6,3.8,15.1,14.9,15.3
Uttar Pradesh,Basti,15.1,14.7,15.4,2.6,2.4,2.7,10.7,10.4,10.9
Uttar Pradesh,Bijnor,19.5,19.2,19.8,3.7,3.5,3.8,15.1,14.8,15.4
Uttar Pradesh,Budaun,18.4,18.1,18.7,2.9,2.7,3.0,13.3,13.1,13.6
Uttar Pradesh,Bulandshahr,22.1,21.8,22.4,3.5,3.3,3.6,17.6,17.4,17.9
Uttar Pradesh,Chandauli,20.6,20.2,21.0,2.1,2.0,2.2,12.5,12.2,12.8
Uttar Pradesh,Chitrakoot,22.8,22.2,23.4,2.3,2.1,2.6,16.2,15.6,16.7
Uttar Pradesh,Deoria,17.9,17.6,18.2,2.5,2.4,2.6,13.6,13.3,13.9
Uttar Pradesh,Etah,20.5,20.0,20.9,2.3,2.1,2.4,12.5,12.2,12.9
Uttar Pradesh,Etawah,18.7,18.3,19.1,2.7,2.6,2.9,15.2,14.8,15.6
Uttar Pradesh,Faizabad,15.7,15.4,16.0,2.8,2.7,3.0,11.6,11.3,11.8
Uttar Pradesh,Farrukhabad,20.6,20.1,21.0,3.8,3.6,4.0,15.3,14.9,15.7
Uttar Pradesh,Fatehpur,24.0,23.6,24.4,2.9,2.8,3.1,16.6,16.3,16.9
Uttar Pradesh,Firozabad,23.4,23.1,23.8,4.1,3.9,4.3,19.2,18.9,19.6
Uttar Pradesh,Gautam Buddha Nagar,23.9,23.5,24.4,3.6,3.4,3.8,20.8,20.3,21.2
Uttar Pradesh,Ghaziabad,18.5,18.3,18.8,2.9,2.8,3.0,17.2,17.0,17.4
Uttar Pradesh,Ghazipur,19.9,19.6,20.2,2.1,2.0,2.2,13.4,13.2,13.7
Uttar Pradesh,Gonda,16.1,15.9,16.4,0.8,0.7,0.9,9.4,9.2,9.6
Uttar Pradesh,Gorakhpur,23.6,23.3,23.8,3.4,3.3,3.5,15.6,15.3,15.8
Uttar Pradesh,Hamirpur,23.8,23.2,24.4,2.6,2.4,2.9,16.8,16.3,17.3
Uttar Pradesh,Hardoi,24.3,24.0,24.6,2.8,2.7,2.9,15.7,15.4,16.0
Uttar Pradesh,Jalaun,23.8,23.3,24.2,1.8,1.7,2.0,17.5,17.1,17.9
Uttar Pradesh,Jaunpur,21.0,20.7,21.2,1.5,1.4,1.6,14.4,14.2,14.6
Uttar Pradesh,Jhansi,22.4,22.0,22.8,2.6,2.4,2.7,17.9,17.5,18.2
Uttar Pradesh,Jyotiba Phule Nagar,19.7,19.2,20.1,2.8,2.6,2.9,15.3,14.9,15.7
Uttar Pradesh,Kannauj,21.7,21.3,22.2,2.8,2.6,3.0,14.9,14.5,15.3
Uttar Pradesh,Kanpur Dehat,22.2,21.8,22.6,3.5,3.3,3.7,16.4,16.0,16.8
Uttar Pradesh,Kanpur Nagar,18.4,18.2,18.7,4.2,4.1,4.3,16.0,15.8,16.2
Uttar Pradesh,Kanshiram Nagar,21.6,21.1,22.1,2.5,2.3,2.6,16.7,16.2,17.1
Uttar Pradesh,Kaushambi,24.7,24.2,25.1,3.4,3.2,3.6,16.2,15.7,16.6
Uttar Pradesh,Kheri,21.8,21.5,22.1,3.6,3.5,3.7,14.6,14.3,14.8
Uttar Pradesh,Kushinagar,16.8,16.6,17.1,0.8,0.8,0.9,9.6,9.4,9.8
Uttar Pradesh,Lalitpur,24.0,23.4,24.5,2.5,2.3,2.7,16.8,16.4,17.3
Uttar Pradesh,Lucknow,22.5,22.3,22.8,3.4,3.3,3.5,20.0,19.8,20.3
Uttar Pradesh,Mahamaya Nagar,23.2,22.8,23.7,3.3,3.1,3.5,19.2,18.7,19.6
Uttar Pradesh,Mahoba,22.4,21.7,23.0,2.9,2.6,3.1,15.9,15.4,16.5
Uttar Pradesh,Mahrajganj,17.6,17.3,17.9,0.8,0.7,0.9,10.0,9.7,10.2
Uttar Pradesh,Mainpuri,26.4,26.0,26.9,2.7,2.6,2.9,19.0,18.6,19.4
Uttar Pradesh,Mathura,18.8,18.4,19.1,2.5,2.4,2.6,15.6,15.3,15.9
Uttar Pradesh,Mau,16.1,15.7,16.4,2.2,2.0,2.3,10.9,10.7,11.2
Uttar Pradesh,Meerut,17.5,17.3,17.8,3.0,2.9,3.1,16.0,15.7,16.2
Uttar Pradesh,Mirzapur,18.5,18.2,18.9,4.9,4.7,5.1,14.3,14.0,14.6
Uttar Pradesh,Moradabad,17.9,17.6,18.1,4.0,3.9,4.2,14.1,13.9,14.3
Uttar Pradesh,Muzaffarpur,19.5,19.2,19.8,3.1,3.0,3.2,14.8,14.5,15.0
Uttar Pradesh,Pilibhit,22.4,22.0,22.8,3.0,2.8,3.1,19.1,18.7,19.5
Uttar Pradesh,Pratapgarh,28.8,28.4,29.1,2.9,2.8,3.0,20.4,20.1,20.7
Uttar Pradesh,Rae Bareli,26.6,26.3,27.0,3.5,3.4,3.7,18.2,17.9,18.5
Uttar Pradesh,Rampur,18.3,17.9,18.7,2.8,2.7,3.0,15.3,15.0,15.6
Uttar Pradesh,Saharanpur,16.2,15.9,16.5,2.3,2.2,2.4,14.2,14.0,14.5
Uttar Pradesh,Sant Kabir Nagar,20.2,19.8,20.7,2.0,1.8,2.1,13.8,13.5,14.2
Uttar Pradesh,Sant Ravidas Nagar (Bhadohi),26.4,25.9,26.9,4.6,4.3,4.8,17.1,16.7,17.5
Uttar Pradesh,Shahjahanpur,15.2,14.9,15.5,2.5,2.3,2.6,12.0,11.8,12.3
Uttar Pradesh,Shrawasti,19.9,19.3,20.4,1.2,1.1,1.4,10.6,10.2,11.1
Uttar Pradesh,Siddharth nagar,17.4,17.1,17.8,2.1,2.0,2.2,11.9,11.6,12.2
Uttar Pradesh,Sitapur,24.3,24.0,24.6,3.9,3.8,4.1,17.7,17.5,18.0
Uttar Pradesh,Sonbhadra,22.9,22.5,23.3,1.1,1.0,1.2,13.6,13.3,14.0
Uttar Pradesh,Sultanpur,19.1,18.8,19.3,2.4,2.3,2.5,12.9,12.7,13.1
Uttar Pradesh,Unnao,21.9,21.5,22.2,3.3,3.2,3.4,16.3,16.0,16.5
Uttar Pradesh,Varanasi,17.3,17.0,17.5,1.0,0.9,1.1,13.3,13.1,13.5
Uttarakhand,Almora,32.2,31.4,32.9,6.1,5.7,6.5,23.6,22.9,24.2
Uttarakhand,Bageshwar,26.3,25.2,27.4,5.2,4.6,5.7,17.3,16.3,18.2
Uttarakhand,Chamoli,24.5,23.6,25.3,5.0,4.6,5.5,17.4,16.6,18.2
Uttarakhand,Champawat,23.8,22.6,24.9,5.2,4.6,5.7,16.0,15.0,16.9
Uttarakhand,Dehradun,23.3,22.8,23.7,7.6,7.4,7.9,17.5,17.2,17.9
Uttarakhand,Garhwal,28.3,27.6,29.0,2.8,2.6,3.1,19.7,19.1,20.3
Uttarakhand,Hardwar,21.1,20.7,21.6,6.0,5.7,6.2,16.2,15.9,16.6
Uttarakhand,Nainital,29.0,28.3,29.6,6.8,6.4,7.1,20.7,20.1,21.2
Uttarakhand,Pithoragarh,29.0,28.2,29.8,6.0,5.5,6.4,20.3,19.5,21.0
Uttarakhand,Rudraprayag,29.4,28.3,30.6,8.7,8.0,9.5,19.7,18.7,20.8
Uttarakhand,Tehri Garhwal,25.1,24.4,25.8,5.6,5.2,6.0,18.5,17.8,19.1
Uttarakhand,Udham Singh Nagar,24.9,24.4,25.3,6.6,6.3,6.9,21.7,21.3,22.1
Uttarakhand,Uttarkashi,25.8,24.8,26.8,5.1,4.6,5.6,18.3,17.4,19.2
West Bengal,Bankura,26.1,25.8,26.4,4.0,3.9,4.1,23.0,22.7,23.2
West Bengal,Barddhaman,21.1,20.9,21.3,2.8,2.7,2.9,21.7,21.5,21.9
West Bengal,Birbhum,28.7,28.4,29.0,3.4,3.3,3.6,26.3,26.0,26.6
West Bengal,Dakshin Dinajpur,31.4,31.0,31.9,5.3,5.1,5.5,26.7,26.2,27.1
West Bengal,Darjiling,29.0,28.6,29.4,6.2,5.9,6.4,29.0,28.5,29.4
West Bengal,Haora,18.1,17.9,18.3,6.3,6.2,6.5,19.2,19.0,19.4
West Bengal,Hugli,18.6,18.4,18.8,4.1,4.0,4.2,19.1,18.9,19.3
West Bengal,Jalpaiguri,29.7,29.4,30.0,7.4,7.3,7.6,24.9,24.6,25.2
West Bengal,Koch Bihar,23.2,22.9,23.6,3.9,3.8,4.1,20.9,20.5,21.2
West Bengal,Kolkata,18.3,18.1,18.5,7.3,7.1,7.4,19.7,19.4,19.9
West Bengal,Maldah,24.8,24.5,25.1,4.7,4.6,4.9,21.3,21.1,21.6
West Bengal,Murshidabad,14.5,14.4,14.7,1.9,1.8,1.9,10.5,10.4,10.7
West Bengal,Nadia,20.0,19.7,20.2,5.9,5.8,6.0,19.7,19.5,19.9
West Bengal,North Twenty Four Parganas,23.1,22.9,23.3,6.8,6.7,6.9,23.6,23.4,23.7
West Bengal,Paschim Medinipur,22.1,21.9,22.4,3.9,3.8,4.0,20.1,19.9,20.3
West Bengal,Purba Medinipur,14.7,14.5,14.9,3.8,3.7,3.9,13.2,13.0,13.4
West Bengal,Puruliya,33.0,32.7,33.4,5.5,5.3,5.7,25.0,24.6,25.3
West Bengal,South Twenty Four Parganas,15.6,15.4,15.8,4.4,4.3,4.5,14.5,14.4,14.7
West Bengal,Uttar Dinajpur,30.0,29.6,30.4,4.4,4.3,4.6,28.8,28.5,29.2
