snapshot_label,snapshot_year,snapshot_month,region_name_raw,region_name_clean,state_name_raw,state_name_clean,district_name_raw,district_name_clean,reporting_offices_total,deposits_total_million_rs,credit_total_million_rs,deposits_total_crore_rs,credit_total_crore_rs
2013-12,2013,12,EASTERN REGION,EASTERN REGION,ANDAMAN & NICOBAR ISLANDS,ANDAMAN AND NICOBAR ISLANDS,Nicobar,NICOBAR,3.0,1166.0,110.0,116.6,11.0
2013-12,2013,12,EASTERN REGION,EASTERN REGION,ANDAMAN & NICOBAR ISLANDS,ANDAMAN AND NICOBAR ISLANDS,North And Middle Andaman,NORTH AND MIDDLE ANDAMAN,8.0,2746.0,782.0,274.6,78.2
2013-12,2013,12,EASTERN REGION,EASTERN REGION,ANDAMAN & NICOBAR ISLANDS,ANDAMAN AND NICOBAR ISLANDS,South Andaman,SOUTH ANDAMAN,45.0,21976.0,8689.0,2197.6,868.9
2013-12,2013,12,SOUTHERN REGION,SOUTHERN REGION,ANDHRA PRADESH,ANDHRA PRADESH,Adilabad,ADILABAD,221.0,51623.0,53651.0,5162.3,5365.1
2013-12,2013,12,SOUTHERN REGION,SOUTHERN REGION,ANDHRA PRADESH,ANDHRA PRADESH,Anantapur,ANANTAPUR,359.0,100187.0,95693.0,10018.7,9569.3
2013-12,2013,12,SOUTHERN REGION,SOUTHERN REGION,ANDHRA PRADESH,ANDHRA PRADESH,Chittoor,CHITTOOR,435.0,197254.0,127409.0,19725.4,12740.9
2013-12,2013,12,SOUTHERN REGION,SOUTHERN REGION,ANDHRA PRADESH,ANDHRA PRADESH,East Godavari,EAST GODAVARI,558.0,141253.0,177390.0,14125.3,17739.0
2013-12,2013,12,SOUTHERN REGION,SOUTHERN REGION,ANDHRA PRADESH,ANDHRA PRADESH,Guntur,GUNTUR,581.0,130537.0,236375.0,13053.7,23637.5
2013-12,2013,12,SOUTHERN REGION,SOUTHERN REGION,ANDHRA PRADESH,ANDHRA PRADESH,Hyderabad,HYDERABAD,1016.0,1797507.0,2217624.0,179750.7,221762.4
2013-12,2013,12,SOUTHERN REGION,SOUTHERN REGION,ANDHRA PRADESH,ANDHRA PRADESH,Karimnagar,KARIMNAGAR,330.0,89579.0,69576.0,8957.9,6957.6
2013-12,2013,12,SOUTHERN REGION,SOUTHERN REGION,ANDHRA PRADESH,ANDHRA PRADESH,Khammam,KHAMMAM,253.0,62955.0,62311.0,6295.5,6231.1
2013-12,2013,12,SOUTHERN REGION,SOUTHERN REGION,ANDHRA PRADESH,ANDHRA PRADESH,Krishna,KRISHNA,606.0,190377.0,210909.0,19037.7,21090.9
2013-12,2013,12,SOUTHERN REGION,SOUTHERN REGION,ANDHRA PRADESH,ANDHRA PRADESH,Kurnool,KURNOOL,354.0,75665.0,90831.0,7566.5,9083.1
2013-12,2013,12,SOUTHERN REGION,SOUTHERN REGION,ANDHRA PRADESH,ANDHRA PRADESH,Mahbubnagar,MAHBUBNAGAR,291.0,48039.0,62604.0,4803.9,6260.4
2013-12,2013,12,SOUTHERN REGION,SOUTHERN REGION,ANDHRA PRADESH,ANDHRA PRADESH,Medak,MEDAK,273.0,68772.0,82242.0,6877.2,8224.2
2013-12,2013,12,SOUTHERN REGION,SOUTHERN REGION,ANDHRA PRADESH,ANDHRA PRADESH,Nalgonda,NALGONDA,293.0,45249.0,75484.0,4524.9,7548.4
2013-12,2013,12,SOUTHERN REGION,SOUTHERN REGION,ANDHRA PRADESH,ANDHRA PRADESH,Nellore,NELLORE,332.0,67589.0,107562.0,6758.9,10756.2
2013-12,2013,12,SOUTHERN REGION,SOUTHERN REGION,ANDHRA PRADESH,ANDHRA PRADESH,Nizamabad,NIZAMABAD,265.0,48859.0,56412.0,4885.9,5641.2
2013-12,2013,12,SOUTHERN REGION,SOUTHERN REGION,ANDHRA PRADESH,ANDHRA PRADESH,Prakasam,PRAKASAM,357.0,61229.0,122704.0,6122.9,12270.4
2013-12,2013,12,SOUTHERN REGION,SOUTHERN REGION,ANDHRA PRADESH,ANDHRA PRADESH,Rangareddi,RANGAREDDI,690.0,398853.0,184945.0,39885.3,18494.5
2013-12,2013,12,SOUTHERN REGION,SOUTHERN REGION,ANDHRA PRADESH,ANDHRA PRADESH,Srikakulam,SRIKAKULAM,209.0,41544.0,40843.0,4154.4,4084.3
2013-12,2013,12,SOUTHERN REGION,SOUTHERN REGION,ANDHRA PRADESH,ANDHRA PRADESH,Visakhapatnam,VISAKHAPATNAM,539.0,276087.0,226773.0,27608.7,22677.3
2013-12,2013,12,SOUTHERN REGION,SOUTHERN REGION,ANDHRA PRADESH,ANDHRA PRADESH,Vizianagaram,VIZIANAGARAM,205.0,37758.0,32362.0,3775.8,3236.2
2013-12,2013,12,SOUTHERN REGION,SOUTHERN REGION,ANDHRA PRADESH,ANDHRA PRADESH,Warangal,WARANGAL,299.0,78111.0,82577.0,7811.1,8257.7
2013-12,2013,12,SOUTHERN REGION,SOUTHERN REGION,ANDHRA PRADESH,ANDHRA PRADESH,West Godavari,WEST GODAVARI,448.0,95967.0,155478.0,9596.7,15547.8
2013-12,2013,12,SOUTHERN REGION,SOUTHERN REGION,ANDHRA PRADESH,ANDHRA PRADESH,Y.S.R.,Y S R,285.0,61889.0,76686.0,6188.9,7668.6
2013-12,2013,12,NORTH-EASTERN REGION,NORTH EASTERN REGION,ARUNACHAL PRADESH,ARUNACHAL PRADESH,Anjaw,ANJAW,2.0,240.0,52.0,24.0,5.2
2013-12,2013,12,NORTH-EASTERN REGION,NORTH EASTERN REGION,ARUNACHAL PRADESH,ARUNACHAL PRADESH,Chunglang,CHUNGLANG,5.0,2686.0,446.0,268.6,44.6
2013-12,2013,12,NORTH-EASTERN REGION,NORTH EASTERN REGION,ARUNACHAL PRADESH,ARUNACHAL PRADESH,Dibang Valley,DIBANG VALLEY,1.0,223.0,46.0,22.3,4.6
2013-12,2013,12,NORTH-EASTERN REGION,NORTH EASTERN REGION,ARUNACHAL PRADESH,ARUNACHAL PRADESH,East Kameng,EAST KAMENG,2.0,933.0,422.0,93.3,42.2
2013-12,2013,12,NORTH-EASTERN REGION,NORTH EASTERN REGION,ARUNACHAL PRADESH,ARUNACHAL PRADESH,East Siang,EAST SIANG,14.0,3793.0,1203.0,379.3,120.3
2013-12,2013,12,NORTH-EASTERN REGION,NORTH EASTERN REGION,ARUNACHAL PRADESH,ARUNACHAL PRADESH,Kurung Kumey,KURUNG KUMEY,2.0,390.0,134.0,39.0,13.4
2013-12,2013,12,NORTH-EASTERN REGION,NORTH EASTERN REGION,ARUNACHAL PRADESH,ARUNACHAL PRADESH,Lohit,LOHIT,7.0,3875.0,1014.0,387.5,101.4
2013-12,2013,12,NORTH-EASTERN REGION,NORTH EASTERN REGION,ARUNACHAL PRADESH,ARUNACHAL PRADESH,Longding,LONGDING,3.0,426.0,148.0,42.6,14.8
2013-12,2013,12,NORTH-EASTERN REGION,NORTH EASTERN REGION,ARUNACHAL PRADESH,ARUNACHAL PRADESH,Lower Dibang Valley,LOWER DIBANG VALLEY,2.0,1510.0,226.0,151.0,22.6
2013-12,2013,12,NORTH-EASTERN REGION,NORTH EASTERN REGION,ARUNACHAL PRADESH,ARUNACHAL PRADESH,Lower Subansiri,LOWER SUBANSIRI,6.0,1668.0,845.0,166.8,84.5
2013-12,2013,12,NORTH-EASTERN REGION,NORTH EASTERN REGION,ARUNACHAL PRADESH,ARUNACHAL PRADESH,Papumpare,PAPUMPARE,39.0,34204.0,8577.0,3420.4,857.7
2013-12,2013,12,NORTH-EASTERN REGION,NORTH EASTERN REGION,ARUNACHAL PRADESH,ARUNACHAL PRADESH,Tawang,TAWANG,6.0,6171.0,343.0,617.1,34.3
2013-12,2013,12,NORTH-EASTERN REGION,NORTH EASTERN REGION,ARUNACHAL PRADESH,ARUNACHAL PRADESH,Tirap,TIRAP,2.0,1603.0,301.0,160.3,30.1
2013-12,2013,12,NORTH-EASTERN REGION,NORTH EASTERN REGION,ARUNACHAL PRADESH,ARUNACHAL PRADESH,Upper Siang,UPPER SIANG,2.0,759.0,199.0,75.9,19.9
2013-12,2013,12,NORTH-EASTERN REGION,NORTH EASTERN REGION,ARUNACHAL PRADESH,ARUNACHAL PRADESH,Upper Subansiri,UPPER SUBANSIRI,4.0,1351.0,512.0,135.1,51.2
2013-12,2013,12,NORTH-EASTERN REGION,NORTH EASTERN REGION,ARUNACHAL PRADESH,ARUNACHAL PRADESH,West Kameng,WEST KAMENG,9.0,3887.0,907.0,388.7,90.7
2013-12,2013,12,NORTH-EASTERN REGION,NORTH EASTERN REGION,ARUNACHAL PRADESH,ARUNACHAL PRADESH,West Siang,WEST SIANG,9.0,4095.0,1370.0,409.5,137.0
2013-12,2013,12,NORTH-EASTERN REGION,NORTH EASTERN REGION,ASSAM,ASSAM,Baksa,BAKSA,28.0,4367.0,2129.0,436.7,212.9
2013-12,2013,12,NORTH-EASTERN REGION,NORTH EASTERN REGION,ASSAM,ASSAM,Barpeta,BARPETA,69.0,17113.0,7967.0,1711.3,796.7
2013-12,2013,12,NORTH-EASTERN REGION,NORTH EASTERN REGION,ASSAM,ASSAM,Bongaigaon,BONGAIGAON,38.0,11787.0,4678.0,1178.7,467.8
2013-12,2013,12,NORTH-EASTERN REGION,NORTH EASTERN REGION,ASSAM,ASSAM,Cachar,CACHAR,104.0,43120.0,15290.0,4312.0,1529.0
2013-12,2013,12,NORTH-EASTERN REGION,NORTH EASTERN REGION,ASSAM,ASSAM,Chirang,CHIRANG,17.0,7351.0,2299.0,735.1,229.9
2013-12,2013,12,NORTH-EASTERN REGION,NORTH EASTERN REGION,ASSAM,ASSAM,Darrang,DARRANG,38.0,8393.0,4847.0,839.3,484.7
2013-12,2013,12,NORTH-EASTERN REGION,NORTH EASTERN REGION,ASSAM,ASSAM,Dhemaji,DHEMAJI,21.0,4868.0,3422.0,486.8,342.2
2013-12,2013,12,NORTH-EASTERN REGION,NORTH EASTERN REGION,ASSAM,ASSAM,Dhubri,DHUBRI,55.0,13855.0,5385.0,1385.5,538.5
2013-12,2013,12,NORTH-EASTERN REGION,NORTH EASTERN REGION,ASSAM,ASSAM,Dibrugarh,DIBRUGARH,118.0,61865.0,18202.0,6186.5,1820.2
2013-12,2013,12,NORTH-EASTERN REGION,NORTH EASTERN REGION,ASSAM,ASSAM,Goalpara,GOALPARA,44.0,9461.0,3825.0,946.1,382.5
2013-12,2013,12,NORTH-EASTERN REGION,NORTH EASTERN REGION,ASSAM,ASSAM,Golaghat,GOLAGHAT,62.0,14940.0,6995.0,1494.0,699.5
2013-12,2013,12,NORTH-EASTERN REGION,NORTH EASTERN REGION,ASSAM,ASSAM,Hailakandi,HAILAKANDI,28.0,7495.0,2618.0,749.5,261.8
2013-12,2013,12,NORTH-EASTERN REGION,NORTH EASTERN REGION,ASSAM,ASSAM,Jorhat,JORHAT,86.0,33255.0,13991.0,3325.5,1399.1
2013-12,2013,12,NORTH-EASTERN REGION,NORTH EASTERN REGION,ASSAM,ASSAM,Kamrup,KAMRUP,83.0,21107.0,9309.0,2110.7,930.9
2013-12,2013,12,NORTH-EASTERN REGION,NORTH EASTERN REGION,ASSAM,ASSAM,Kamrup Metropolitan,KAMRUP METROPOLITAN,269.0,311851.0,112175.0,31185.1,11217.5
2013-12,2013,12,NORTH-EASTERN REGION,NORTH EASTERN REGION,ASSAM,ASSAM,Karbi Anglong,KARBI ANGLONG,55.0,10274.0,4112.0,1027.4,411.2
2013-12,2013,12,NORTH-EASTERN REGION,NORTH EASTERN REGION,ASSAM,ASSAM,Karimganj,KARIMGANJ,54.0,18143.0,5638.0,1814.3,563.8
2013-12,2013,12,NORTH-EASTERN REGION,NORTH EASTERN REGION,ASSAM,ASSAM,Kokrajhar,KOKRAJHAR,32.0,12228.0,3467.0,1222.8,346.7
2013-12,2013,12,NORTH-EASTERN REGION,NORTH EASTERN REGION,ASSAM,ASSAM,Lakhimpur,LAKHIMPUR,56.0,10890.0,7014.0,1089.0,701.4
2013-12,2013,12,NORTH-EASTERN REGION,NORTH EASTERN REGION,ASSAM,ASSAM,Morigaon,MORIGAON,38.0,7362.0,4554.0,736.2,455.4
2013-12,2013,12,NORTH-EASTERN REGION,NORTH EASTERN REGION,ASSAM,ASSAM,Nagaon,NAGAON,118.0,35599.0,14826.0,3559.9,1482.6
2013-12,2013,12,NORTH-EASTERN REGION,NORTH EASTERN REGION,ASSAM,ASSAM,Nalbari,NALBARI,52.0,11336.0,5683.0,1133.6,568.3
2013-12,2013,12,NORTH-EASTERN REGION,NORTH EASTERN REGION,ASSAM,ASSAM,North Cachar Hills,NORTH CACHAR HILLS,19.0,4387.0,1009.0,438.7,100.9
2013-12,2013,12,NORTH-EASTERN REGION,NORTH EASTERN REGION,ASSAM,ASSAM,Sibsagar,SIBSAGAR,78.0,24760.0,10874.0,2476.0,1087.4
2013-12,2013,12,NORTH-EASTERN REGION,NORTH EASTERN REGION,ASSAM,ASSAM,Sonitpur,SONITPUR,104.0,28573.0,13624.0,2857.3,1362.4
2013-12,2013,12,NORTH-EASTERN REGION,NORTH EASTERN REGION,ASSAM,ASSAM,Tinsukia,TINSUKIA,95.0,34665.0,12058.0,3466.5,1205.8
2013-12,2013,12,NORTH-EASTERN REGION,NORTH EASTERN REGION,ASSAM,ASSAM,Udalguri,UDALGURI,29.0,5574.0,3736.0,557.4,373.6
2013-12,2013,12,EASTERN REGION,EASTERN REGION,BIHAR,BIHAR,Araria,ARARIA,94.0,19204.0,7982.0,1920.4,798.2
2013-12,2013,12,EASTERN REGION,EASTERN REGION,BIHAR,BIHAR,Arwal,ARWAL,34.0,8060.0,1941.0,806.0,194.1
2013-12,2013,12,EASTERN REGION,EASTERN REGION,BIHAR,BIHAR,Aurangabad,AURANGABAD,115.0,35891.0,10514.0,3589.1,1051.4
2013-12,2013,12,EASTERN REGION,EASTERN REGION,BIHAR,BIHAR,Banka,BANKA,70.0,16349.0,6337.0,1634.9,633.7
2013-12,2013,12,EASTERN REGION,EASTERN REGION,BIHAR,BIHAR,Begusarai,BEGUSARAI,138.0,41262.0,17837.0,4126.2,1783.7
2013-12,2013,12,EASTERN REGION,EASTERN REGION,BIHAR,BIHAR,Bhagalpur,BHAGALPUR,187.0,65071.0,16854.0,6507.1,1685.4
2013-12,2013,12,EASTERN REGION,EASTERN REGION,BIHAR,BIHAR,Bhojpur,BHOJPUR,144.0,48212.0,10847.0,4821.2,1084.7
2013-12,2013,12,EASTERN REGION,EASTERN REGION,BIHAR,BIHAR,Buxar,BUXAR,103.0,29471.0,7732.0,2947.1,773.2
2013-12,2013,12,EASTERN REGION,EASTERN REGION,BIHAR,BIHAR,Darbhanga,DARBHANGA,193.0,52068.0,17973.0,5206.8,1797.3
2013-12,2013,12,EASTERN REGION,EASTERN REGION,BIHAR,BIHAR,Gaya,GAYA,212.0,70218.0,19376.0,7021.8,1937.6
2013-12,2013,12,EASTERN REGION,EASTERN REGION,BIHAR,BIHAR,Gopalganj,GOPALGANJ,124.0,34722.0,8832.0,3472.2,883.2
2013-12,2013,12,EASTERN REGION,EASTERN REGION,BIHAR,BIHAR,Jamui,JAMUI,67.0,17825.0,6014.0,1782.5,601.4
2013-12,2013,12,EASTERN REGION,EASTERN REGION,BIHAR,BIHAR,Jehanabad,JEHANABAD,59.0,14927.0,3867.0,1492.7,386.7
2013-12,2013,12,EASTERN REGION,EASTERN REGION,BIHAR,BIHAR,Kaimur,KAIMUR,81.0,18617.0,9836.0,1861.7,983.6
2013-12,2013,12,EASTERN REGION,EASTERN REGION,BIHAR,BIHAR,Katihar,KATIHAR,124.0,26508.0,10357.0,2650.8,1035.7
2013-12,2013,12,EASTERN REGION,EASTERN REGION,BIHAR,BIHAR,Khagaria,KHAGARIA,69.0,14413.0,5780.0,1441.3,578.0
2013-12,2013,12,EASTERN REGION,EASTERN REGION,BIHAR,BIHAR,Kishanganj,KISHANGANJ,65.0,10648.0,6003.0,1064.8,600.3
2013-12,2013,12,EASTERN REGION,EASTERN REGION,BIHAR,BIHAR,Lakhisarai,LAKHISARAI,51.0,13460.0,3934.0,1346.0,393.4
2013-12,2013,12,EASTERN REGION,EASTERN REGION,BIHAR,BIHAR,Madhepura,MADHEPURA,74.0,17611.0,5899.0,1761.1,589.9
2013-12,2013,12,EASTERN REGION,EASTERN REGION,BIHAR,BIHAR,Madhubani,MADHUBANI,201.0,40638.0,10543.0,4063.8,1054.3
2013-12,2013,12,EASTERN REGION,EASTERN REGION,BIHAR,BIHAR,Munger,MUNGER,91.0,32249.0,6304.0,3224.9,630.4
2013-12,2013,12,EASTERN REGION,EASTERN REGION,BIHAR,BIHAR,Muzaffarpur,MUZAFFARPUR,273.0,87135.0,26920.0,8713.5,2692.0
2013-12,2013,12,EASTERN REGION,EASTERN REGION,BIHAR,BIHAR,Nalanda,NALANDA,150.0,42732.0,11487.0,4273.2,1148.7
2013-12,2013,12,EASTERN REGION,EASTERN REGION,BIHAR,BIHAR,Nawada,NAWADA,87.0,23023.0,6688.0,2302.3,668.8
2013-12,2013,12,EASTERN REGION,EASTERN REGION,BIHAR,BIHAR,Paschimi Champaran,PASCHIMI CHAMPARAN,152.0,26628.0,12430.0,2662.8,1243.0
2013-12,2013,12,EASTERN REGION,EASTERN REGION,BIHAR,BIHAR,Patna,PATNA,615.0,588176.0,146527.0,58817.6,14652.7
2013-12,2013,12,EASTERN REGION,EASTERN REGION,BIHAR,BIHAR,Purbi Champaran,PURBI CHAMPARAN,201.0,41742.0,17990.0,4174.2,1799.0
2013-12,2013,12,EASTERN REGION,EASTERN REGION,BIHAR,BIHAR,Purnia,PURNIA,133.0,29051.0,15474.0,2905.1,1547.4
2013-12,2013,12,EASTERN REGION,EASTERN REGION,BIHAR,BIHAR,Rohtas,ROHTAS,145.0,42053.0,16070.0,4205.3,1607.0
2013-12,2013,12,EASTERN REGION,EASTERN REGION,BIHAR,BIHAR,Saharsa,SAHARSA,76.0,18756.0,6375.0,1875.6,637.5
2013-12,2013,12,EASTERN REGION,EASTERN REGION,BIHAR,BIHAR,Samastipur,SAMASTIPUR,198.0,48589.0,16538.0,4858.9,1653.8
2013-12,2013,12,EASTERN REGION,EASTERN REGION,BIHAR,BIHAR,Saran,SARAN,176.0,61899.0,12277.0,6189.9,1227.7
2013-12,2013,12,EASTERN REGION,EASTERN REGION,BIHAR,BIHAR,Sheikhpura,SHEIKHPURA,35.0,8210.0,2505.0,821.0,250.5
2013-12,2013,12,EASTERN REGION,EASTERN REGION,BIHAR,BIHAR,Sheohar,SHEOHAR,27.0,3997.0,1522.0,399.7,152.2
2013-12,2013,12,EASTERN REGION,EASTERN REGION,BIHAR,BIHAR,Sitamarhi,SITAMARHI,128.0,27093.0,9662.0,2709.3,966.2
2013-12,2013,12,EASTERN REGION,EASTERN REGION,BIHAR,BIHAR,Siwan,SIWAN,163.0,54912.0,10090.0,5491.2,1009.0
2013-12,2013,12,EASTERN REGION,EASTERN REGION,BIHAR,BIHAR,Supaul,SUPAUL,87.0,17665.0,6527.0,1766.5,652.7
2013-12,2013,12,EASTERN REGION,EASTERN REGION,BIHAR,BIHAR,Vaishali,VAISHALI,168.0,44820.0,12732.0,4482.0,1273.2
2013-12,2013,12,NORTHERN REGION,NORTHERN REGION,CHANDIGARH,CHANDIGARH,CHANDIGARH,CHANDIGARH,341.0,504136.0,577842.0,50413.6,57784.2
2013-12,2013,12,CENTRAL REGION,CENTRAL REGION,CHHATTISGARH,CHHATTISGARH,Balod,BALOD,57.0,11270.0,2942.0,1127.0,294.2
2013-12,2013,12,CENTRAL REGION,CENTRAL REGION,CHHATTISGARH,CHHATTISGARH,Balodabazar,BALODABAZAR,80.0,14670.0,6509.0,1467.0,650.9
2013-12,2013,12,CENTRAL REGION,CENTRAL REGION,CHHATTISGARH,CHHATTISGARH,Balrampur,BALRAMPUR,34.0,7059.0,1449.0,705.9,144.9
2013-12,2013,12,CENTRAL REGION,CENTRAL REGION,CHHATTISGARH,CHHATTISGARH,Bastar,BASTAR,63.0,17797.0,8172.0,1779.7,817.2
2013-12,2013,12,CENTRAL REGION,CENTRAL REGION,CHHATTISGARH,CHHATTISGARH,Bemetara,BEMETARA,45.0,6479.0,2612.0,647.9,261.2
2013-12,2013,12,CENTRAL REGION,CENTRAL REGION,CHHATTISGARH,CHHATTISGARH,Bijapur,BIJAPUR,12.0,3784.0,583.0,378.4,58.3
2013-12,2013,12,CENTRAL REGION,CENTRAL REGION,CHHATTISGARH,CHHATTISGARH,Bilaspur,BILASPUR,160.0,172563.0,28558.0,17256.3,2855.8
2013-12,2013,12,CENTRAL REGION,CENTRAL REGION,CHHATTISGARH,CHHATTISGARH,Dantewada,DANTEWADA,17.0,8132.0,8469.0,813.2,846.9
2013-12,2013,12,CENTRAL REGION,CENTRAL REGION,CHHATTISGARH,CHHATTISGARH,Dhamtari,DHAMTARI,62.0,13039.0,5582.0,1303.9,558.2
2013-12,2013,12,CENTRAL REGION,CENTRAL REGION,CHHATTISGARH,CHHATTISGARH,Durg,DURG,175.0,113180.0,50194.0,11318.0,5019.4
2013-12,2013,12,CENTRAL REGION,CENTRAL REGION,CHHATTISGARH,CHHATTISGARH,Gariyaband,GARIYABAND,23.0,4396.0,1147.0,439.6,114.7
2013-12,2013,12,CENTRAL REGION,CENTRAL REGION,CHHATTISGARH,CHHATTISGARH,Janjgir-Champa,JANJGIR CHAMPA,95.0,24630.0,7149.0,2463.0,714.9
2013-12,2013,12,CENTRAL REGION,CENTRAL REGION,CHHATTISGARH,CHHATTISGARH,Jashpur,JASHPUR,57.0,12874.0,3204.0,1287.4,320.4
2013-12,2013,12,CENTRAL REGION,CENTRAL REGION,CHHATTISGARH,CHHATTISGARH,Kanker,KANKER,48.0,9856.0,3469.0,985.6,346.9
2013-12,2013,12,CENTRAL REGION,CENTRAL REGION,CHHATTISGARH,CHHATTISGARH,Kawardha,KAWARDHA,44.0,7474.0,3383.0,747.4,338.3
2013-12,2013,12,CENTRAL REGION,CENTRAL REGION,CHHATTISGARH,CHHATTISGARH,Kondagaon,KONDAGAON,26.0,5427.0,1700.0,542.7,170.0
2013-12,2013,12,CENTRAL REGION,CENTRAL REGION,CHHATTISGARH,CHHATTISGARH,Korba,KORBA,87.0,36383.0,14966.0,3638.3,1496.6
2013-12,2013,12,CENTRAL REGION,CENTRAL REGION,CHHATTISGARH,CHHATTISGARH,Koriya,KORIYA,66.0,20229.0,4339.0,2022.9,433.9
2013-12,2013,12,CENTRAL REGION,CENTRAL REGION,CHHATTISGARH,CHHATTISGARH,Mahasamund,MAHASAMUND,66.0,11993.0,6122.0,1199.3,612.2
2013-12,2013,12,CENTRAL REGION,CENTRAL REGION,CHHATTISGARH,CHHATTISGARH,Mungeli,MUNGELI,26.0,4880.0,2407.0,488.0,240.7
2013-12,2013,12,CENTRAL REGION,CENTRAL REGION,CHHATTISGARH,CHHATTISGARH,Narayanpur,NARAYANPUR,8.0,1907.0,315.0,190.7,31.5
2013-12,2013,12,CENTRAL REGION,CENTRAL REGION,CHHATTISGARH,CHHATTISGARH,Raigarh,RAIGARH,119.0,35213.0,20966.0,3521.3,2096.6
2013-12,2013,12,CENTRAL REGION,CENTRAL REGION,CHHATTISGARH,CHHATTISGARH,Raipur,RAIPUR,324.0,225756.0,258156.0,22575.6,25815.6
2013-12,2013,12,CENTRAL REGION,CENTRAL REGION,CHHATTISGARH,CHHATTISGARH,Rajnandgaon,RAJNANDGAON,102.0,25569.0,11354.0,2556.9,1135.4
2013-12,2013,12,CENTRAL REGION,CENTRAL REGION,CHHATTISGARH,CHHATTISGARH,Sukma,SUKMA,9.0,2494.0,535.0,249.4,53.5
2013-12,2013,12,CENTRAL REGION,CENTRAL REGION,CHHATTISGARH,CHHATTISGARH,Surajpur,SURAJPUR,57.0,14254.0,3618.0,1425.4,361.8
2013-12,2013,12,CENTRAL REGION,CENTRAL REGION,CHHATTISGARH,CHHATTISGARH,Surguja,SURGUJA,68.0,22870.0,6952.0,2287.0,695.2
2013-12,2013,12,WESTERN REGION,WESTERN REGION,DADRA & NAGAR HAVELI,DADRA AND NAGAR HAVELI,Dadra & Nagar Haveli,DADRA AND NAGAR HAVELI,47.0,23693.0,7273.0,2369.3,727.3
2013-12,2013,12,WESTERN REGION,WESTERN REGION,DAMAN & DIU,DAMAN AND DIU,Daman,DAMAN,27.0,19384.0,5586.0,1938.4,558.6
2013-12,2013,12,WESTERN REGION,WESTERN REGION,DAMAN & DIU,DAMAN AND DIU,Diu,DIU,13.0,10474.0,348.0,1047.4,34.8
2013-12,2013,12,WESTERN REGION,WESTERN REGION,GOA,GOA,North Goa,NORTH GOA,344.0,243690.0,77232.0,24369.0,7723.2
2013-12,2013,12,WESTERN REGION,WESTERN REGION,GOA,GOA,South Goa,SOUTH GOA,237.0,190555.0,44327.0,19055.5,4432.7
2013-12,2013,12,WESTERN REGION,WESTERN REGION,GUJARAT,GUJARAT,Ahmedabad,AHMEDABAD,978.0,1084780.0,1206983.0,108478.0,120698.3
2013-12,2013,12,WESTERN REGION,WESTERN REGION,GUJARAT,GUJARAT,Amreli,AMRELI,144.0,34707.0,19603.0,3470.7,1960.3
2013-12,2013,12,WESTERN REGION,WESTERN REGION,GUJARAT,GUJARAT,Anand,ANAND,268.0,188201.0,36354.0,18820.1,3635.4
2013-12,2013,12,WESTERN REGION,WESTERN REGION,GUJARAT,GUJARAT,Aravalli,ARAVALLI,68.0,14384.0,10814.0,1438.4,1081.4
2013-12,2013,12,WESTERN REGION,WESTERN REGION,GUJARAT,GUJARAT,Banas Kantha,BANAS KANTHA,157.0,39879.0,33524.0,3987.9,3352.4
2013-12,2013,12,WESTERN REGION,WESTERN REGION,GUJARAT,GUJARAT,Bharuch,BHARUCH,207.0,96681.0,38400.0,9668.1,3840.0
2013-12,2013,12,WESTERN REGION,WESTERN REGION,GUJARAT,GUJARAT,Bhavnagar,BHAVNAGAR,201.0,103321.0,48169.0,10332.1,4816.9
2013-12,2013,12,WESTERN REGION,WESTERN REGION,GUJARAT,GUJARAT,Botad,BOTAD,40.0,8557.0,6236.0,855.7,623.6
2013-12,2013,12,WESTERN REGION,WESTERN REGION,GUJARAT,GUJARAT,Dangs,DANGS,12.0,3534.0,682.0,353.4,68.2
2013-12,2013,12,WESTERN REGION,WESTERN REGION,GUJARAT,GUJARAT,Dohad,DOHAD,88.0,22912.0,7364.0,2291.2,736.4
2013-12,2013,12,WESTERN REGION,WESTERN REGION,GUJARAT,GUJARAT,Gandhinagar,GANDHINAGAR,195.0,170933.0,84904.0,17093.3,8490.4
2013-12,2013,12,WESTERN REGION,WESTERN REGION,GUJARAT,GUJARAT,Jamnagar,JAMNAGAR,245.0,114361.0,39089.0,11436.1,3908.9
2013-12,2013,12,WESTERN REGION,WESTERN REGION,GUJARAT,GUJARAT,Junagadh,JUNAGADH,235.0,86761.0,37423.0,8676.1,3742.3
2013-12,2013,12,WESTERN REGION,WESTERN REGION,GUJARAT,GUJARAT,Kachchh,KACHCHH,322.0,215045.0,59429.0,21504.5,5942.9
2013-12,2013,12,WESTERN REGION,WESTERN REGION,GUJARAT,GUJARAT,Kheda,KHEDA,191.0,87325.0,20515.0,8732.5,2051.5
2013-12,2013,12,WESTERN REGION,WESTERN REGION,GUJARAT,GUJARAT,Mahesana,MAHESANA,234.0,71257.0,50260.0,7125.7,5026.0
2013-12,2013,12,WESTERN REGION,WESTERN REGION,GUJARAT,GUJARAT,Mahisagar,MAHISAGAR,50.0,15487.0,4758.0,1548.7,475.8
2013-12,2013,12,WESTERN REGION,WESTERN REGION,GUJARAT,GUJARAT,Narmada,NARMADA,42.0,8908.0,3611.0,890.8,361.1
2013-12,2013,12,WESTERN REGION,WESTERN REGION,GUJARAT,GUJARAT,Navsari,NAVSARI,208.0,128272.0,20633.0,12827.2,2063.3
2013-12,2013,12,WESTERN REGION,WESTERN REGION,GUJARAT,GUJARAT,Panch Mahals,PANCH MAHALS,104.0,33297.0,13718.0,3329.7,1371.8
2013-12,2013,12,WESTERN REGION,WESTERN REGION,GUJARAT,GUJARAT,Patan,PATAN,106.0,29445.0,14386.0,2944.5,1438.6
2013-12,2013,12,WESTERN REGION,WESTERN REGION,GUJARAT,GUJARAT,Porbandar,PORBANDAR,69.0,46752.0,10614.0,4675.2,1061.4
2013-12,2013,12,WESTERN REGION,WESTERN REGION,GUJARAT,GUJARAT,Rajkot,RAJKOT,437.0,233335.0,211959.0,23333.5,21195.9
2013-12,2013,12,WESTERN REGION,WESTERN REGION,GUJARAT,GUJARAT,Sabar Kantha,SABAR KANTHA,132.0,32014.0,24414.0,3201.4,2441.4
2013-12,2013,12,WESTERN REGION,WESTERN REGION,GUJARAT,GUJARAT,Surat,SURAT,545.0,368331.0,317026.0,36833.1,31702.6
2013-12,2013,12,WESTERN REGION,WESTERN REGION,GUJARAT,GUJARAT,Surendranagar,SURENDRANAGAR,160.0,43208.0,24238.0,4320.8,2423.8
2013-12,2013,12,WESTERN REGION,WESTERN REGION,GUJARAT,GUJARAT,Tapi,TAPI,45.0,13901.0,4620.0,1390.1,462.0
2013-12,2013,12,WESTERN REGION,WESTERN REGION,GUJARAT,GUJARAT,Vadodara,VADODARA,567.0,519913.0,439841.0,51991.3,43984.1
2013-12,2013,12,WESTERN REGION,WESTERN REGION,GUJARAT,GUJARAT,Valsad,VALSAD,173.0,86222.0,42815.0,8622.2,4281.5
2013-12,2013,12,NORTHERN REGION,NORTHERN REGION,HARYANA,HARYANA,Ambala,AMBALA,222.0,89091.0,39423.0,8909.1,3942.3
2013-12,2013,12,NORTHERN REGION,NORTHERN REGION,HARYANA,HARYANA,Bhiwani,BHIWANI,168.0,41032.0,27619.0,4103.2,2761.9
2013-12,2013,12,NORTHERN REGION,NORTHERN REGION,HARYANA,HARYANA,Faridabad,FARIDABAD,251.0,203688.0,132447.0,20368.8,13244.7
2013-12,2013,12,NORTHERN REGION,NORTHERN REGION,HARYANA,HARYANA,Fatehabad,FATEHABAD,121.0,19959.0,23831.0,1995.9,2383.1
2013-12,2013,12,NORTHERN REGION,NORTHERN REGION,HARYANA,HARYANA,Gurgaon,GURGAON,487.0,614885.0,306430.0,61488.5,30643.0
2013-12,2013,12,NORTHERN REGION,NORTHERN REGION,HARYANA,HARYANA,Hisar,HISAR,207.0,61012.0,116761.0,6101.2,11676.1
2013-12,2013,12,NORTHERN REGION,NORTHERN REGION,HARYANA,HARYANA,Jhajjar,JHAJJAR,123.0,43556.0,35450.0,4355.6,3545.0
2013-12,2013,12,NORTHERN REGION,NORTHERN REGION,HARYANA,HARYANA,Jind,JIND,133.0,26752.0,34349.0,2675.2,3434.9
2013-12,2013,12,NORTHERN REGION,NORTHERN REGION,HARYANA,HARYANA,Kaithal,KAITHAL,122.0,21778.0,34396.0,2177.8,3439.6
2013-12,2013,12,NORTHERN REGION,NORTHERN REGION,HARYANA,HARYANA,Karnal,KARNAL,233.0,69869.0,119359.0,6986.9,11935.9
2013-12,2013,12,NORTHERN REGION,NORTHERN REGION,HARYANA,HARYANA,Kurukshetra,KURUKSHETRA,160.0,47114.0,32637.0,4711.4,3263.7
2013-12,2013,12,NORTHERN REGION,NORTHERN REGION,HARYANA,HARYANA,Mahendragarh,MAHENDRAGARH,100.0,25646.0,28100.0,2564.6,2810.0
2013-12,2013,12,NORTHERN REGION,NORTHERN REGION,HARYANA,HARYANA,Mewat,MEWAT,58.0,12048.0,5570.0,1204.8,557.0
2013-12,2013,12,NORTHERN REGION,NORTHERN REGION,HARYANA,HARYANA,Palwal,PALWAL,87.0,21651.0,14302.0,2165.1,1430.2
2013-12,2013,12,NORTHERN REGION,NORTHERN REGION,HARYANA,HARYANA,Panchkula,PANCHKULA,171.0,187717.0,152900.0,18771.7,15290.0
2013-12,2013,12,NORTHERN REGION,NORTHERN REGION,HARYANA,HARYANA,Panipat,PANIPAT,173.0,57102.0,72038.0,5710.2,7203.8
2013-12,2013,12,NORTHERN REGION,NORTHERN REGION,HARYANA,HARYANA,Rewari,REWARI,126.0,50835.0,21639.0,5083.5,2163.9
2013-12,2013,12,NORTHERN REGION,NORTHERN REGION,HARYANA,HARYANA,Rohtak,ROHTAK,166.0,83132.0,39285.0,8313.2,3928.5
2013-12,2013,12,NORTHERN REGION,NORTHERN REGION,HARYANA,HARYANA,Sirsa,SIRSA,158.0,31370.0,35950.0,3137.0,3595.0
2013-12,2013,12,NORTHERN REGION,NORTHERN REGION,HARYANA,HARYANA,Sonipat,SONIPAT,217.0,83427.0,119924.0,8342.7,11992.4
2013-12,2013,12,NORTHERN REGION,NORTHERN REGION,HARYANA,HARYANA,Yamunanagar,YAMUNANAGAR,164.0,59498.0,35499.0,5949.8,3549.9
2013-12,2013,12,NORTHERN REGION,NORTHERN REGION,HIMACHAL PRADESH,HIMACHAL PRADESH,Bilaspur,BILASPUR,70.0,20556.0,4940.0,2055.6,494.0
2013-12,2013,12,NORTHERN REGION,NORTHERN REGION,HIMACHAL PRADESH,HIMACHAL PRADESH,Chamba,CHAMBA,74.0,17729.0,5305.0,1772.9,530.5
2013-12,2013,12,NORTHERN REGION,NORTHERN REGION,HIMACHAL PRADESH,HIMACHAL PRADESH,Hamirpur,HAMIRPUR,88.0,35186.0,5916.0,3518.6,591.6
2013-12,2013,12,NORTHERN REGION,NORTHERN REGION,HIMACHAL PRADESH,HIMACHAL PRADESH,Kangra,KANGRA,247.0,100558.0,20695.0,10055.8,2069.5
2013-12,2013,12,NORTHERN REGION,NORTHERN REGION,HIMACHAL PRADESH,HIMACHAL PRADESH,Kinnaur,KINNAUR,27.0,5217.0,2052.0,521.7,205.2
2013-12,2013,12,NORTHERN REGION,NORTHERN REGION,HIMACHAL PRADESH,HIMACHAL PRADESH,Kulu,KULU,85.0,25383.0,11238.0,2538.3,1123.8
2013-12,2013,12,NORTHERN REGION,NORTHERN REGION,HIMACHAL PRADESH,HIMACHAL PRADESH,Lahul & Spiti,LAHUL AND SPITI,13.0,2313.0,527.0,231.3,52.7
2013-12,2013,12,NORTHERN REGION,NORTHERN REGION,HIMACHAL PRADESH,HIMACHAL PRADESH,Mandi,MANDI,162.0,50014.0,14500.0,5001.4,1450.0
2013-12,2013,12,NORTHERN REGION,NORTHERN REGION,HIMACHAL PRADESH,HIMACHAL PRADESH,Simla,SIMLA,199.0,137228.0,36731.0,13722.8,3673.1
2013-12,2013,12,NORTHERN REGION,NORTHERN REGION,HIMACHAL PRADESH,HIMACHAL PRADESH,Sirmaur,SIRMAUR,82.0,17209.0,13630.0,1720.9,1363.0
2013-12,2013,12,NORTHERN REGION,NORTHERN REGION,HIMACHAL PRADESH,HIMACHAL PRADESH,Solan,SOLAN,165.0,49701.0,40606.0,4970.1,4060.6
2013-12,2013,12,NORTHERN REGION,NORTHERN REGION,HIMACHAL PRADESH,HIMACHAL PRADESH,Una,UNA,96.0,33053.0,9024.0,3305.3,902.4
2013-12,2013,12,NORTHERN REGION,NORTHERN REGION,JAMMU & KASHMIR,JAMMU AND KASHMIR,Anantnag,ANANTNAG,86.0,23585.0,11495.0,2358.5,1149.5
2013-12,2013,12,NORTHERN REGION,NORTHERN REGION,JAMMU & KASHMIR,JAMMU AND KASHMIR,Badgam,BADGAM,65.0,11508.0,7677.0,1150.8,767.7
2013-12,2013,12,NORTHERN REGION,NORTHERN REGION,JAMMU & KASHMIR,JAMMU AND KASHMIR,Bandipora,BANDIPORA,20.0,5891.0,3579.0,589.1,357.9
2013-12,2013,12,NORTHERN REGION,NORTHERN REGION,JAMMU & KASHMIR,JAMMU AND KASHMIR,Baramulla,BARAMULLA,117.0,24755.0,17697.0,2475.5,1769.7
2013-12,2013,12,NORTHERN REGION,NORTHERN REGION,JAMMU & KASHMIR,JAMMU AND KASHMIR,Doda,DODA,35.0,9583.0,2292.0,958.3,229.2
2013-12,2013,12,NORTHERN REGION,NORTHERN REGION,JAMMU & KASHMIR,JAMMU AND KASHMIR,Ganderbal,GANDERBAL,30.0,6379.0,4220.0,637.9,422.0
2013-12,2013,12,NORTHERN REGION,NORTHERN REGION,JAMMU & KASHMIR,JAMMU AND KASHMIR,Jammu,JAMMU,295.0,193159.0,58499.0,19315.9,5849.9
2013-12,2013,12,NORTHERN REGION,NORTHERN REGION,JAMMU & KASHMIR,JAMMU AND KASHMIR,Kargil,KARGIL,17.0,6085.0,1536.0,608.5,153.6
2013-12,2013,12,NORTHERN REGION,NORTHERN REGION,JAMMU & KASHMIR,JAMMU AND KASHMIR,Kathua,KATHUA,72.0,24572.0,8990.0,2457.2,899.0
2013-12,2013,12,NORTHERN REGION,NORTHERN REGION,JAMMU & KASHMIR,JAMMU AND KASHMIR,Kishtwar,KISHTWAR,20.0,6913.0,1446.0,691.3,144.6
2013-12,2013,12,NORTHERN REGION,NORTHERN REGION,JAMMU & KASHMIR,JAMMU AND KASHMIR,Kulgam,KULGAM,36.0,7922.0,4823.0,792.2,482.3
2013-12,2013,12,NORTHERN REGION,NORTHERN REGION,JAMMU & KASHMIR,JAMMU AND KASHMIR,Kupwara,KUPWARA,63.0,10919.0,6928.0,1091.9,692.8
2013-12,2013,12,NORTHERN REGION,NORTHERN REGION,JAMMU & KASHMIR,JAMMU AND KASHMIR,Leh Ladakh,LEH LADAKH,29.0,13533.0,2904.0,1353.3,290.4
2013-12,2013,12,NORTHERN REGION,NORTHERN REGION,JAMMU & KASHMIR,JAMMU AND KASHMIR,Poonch,POONCH,27.0,11426.0,2249.0,1142.6,224.9
2013-12,2013,12,NORTHERN REGION,NORTHERN REGION,JAMMU & KASHMIR,JAMMU AND KASHMIR,Pulwama,PULWAMA,50.0,13319.0,8794.0,1331.9,879.4
2013-12,2013,12,NORTHERN REGION,NORTHERN REGION,JAMMU & KASHMIR,JAMMU AND KASHMIR,Rajouri,RAJOURI,54.0,17582.0,4180.0,1758.2,418.0
2013-12,2013,12,NORTHERN REGION,NORTHERN REGION,JAMMU & KASHMIR,JAMMU AND KASHMIR,Ramban,RAMBAN,20.0,5985.0,1452.0,598.5,145.2
2013-12,2013,12,NORTHERN REGION,NORTHERN REGION,JAMMU & KASHMIR,JAMMU AND KASHMIR,Reasi,REASI,34.0,12065.0,3076.0,1206.5,307.6
2013-12,2013,12,NORTHERN REGION,NORTHERN REGION,JAMMU & KASHMIR,JAMMU AND KASHMIR,Samba,SAMBA,58.0,17542.0,10071.0,1754.2,1007.1
2013-12,2013,12,NORTHERN REGION,NORTHERN REGION,JAMMU & KASHMIR,JAMMU AND KASHMIR,Shopian,SHOPIAN,24.0,5100.0,6257.0,510.0,625.7
2013-12,2013,12,NORTHERN REGION,NORTHERN REGION,JAMMU & KASHMIR,JAMMU AND KASHMIR,Srinagar,SRINAGAR,188.0,162543.0,70024.0,16254.3,7002.4
2013-12,2013,12,NORTHERN REGION,NORTHERN REGION,JAMMU & KASHMIR,JAMMU AND KASHMIR,Udhampur,UDHAMPUR,60.0,21416.0,5788.0,2141.6,578.8
2013-12,2013,12,EASTERN REGION,EASTERN REGION,JHARKHAND,JHARKHAND,Bokaro,BOKARO,178.0,104117.0,30493.0,10411.7,3049.3
2013-12,2013,12,EASTERN REGION,EASTERN REGION,JHARKHAND,JHARKHAND,Chatra,CHATRA,46.0,11889.0,2751.0,1188.9,275.1
2013-12,2013,12,EASTERN REGION,EASTERN REGION,JHARKHAND,JHARKHAND,Deoghar,DEOGHAR,107.0,30159.0,9023.0,3015.9,902.3
2013-12,2013,12,EASTERN REGION,EASTERN REGION,JHARKHAND,JHARKHAND,Dhanbad,DHANBAD,218.0,152285.0,34971.0,15228.5,3497.1
2013-12,2013,12,EASTERN REGION,EASTERN REGION,JHARKHAND,JHARKHAND,Dumka,DUMKA,95.0,19153.0,4912.0,1915.3,491.2
2013-12,2013,12,EASTERN REGION,EASTERN REGION,JHARKHAND,JHARKHAND,Garhwa,GARHWA,49.0,11842.0,4040.0,1184.2,404.0
2013-12,2013,12,EASTERN REGION,EASTERN REGION,JHARKHAND,JHARKHAND,Giridih,GIRIDIH,127.0,35119.0,14986.0,3511.9,1498.6
2013-12,2013,12,EASTERN REGION,EASTERN REGION,JHARKHAND,JHARKHAND,Godda,GODDA,78.0,15320.0,4612.0,1532.0,461.2
2013-12,2013,12,EASTERN REGION,EASTERN REGION,JHARKHAND,JHARKHAND,Gumla,GUMLA,58.0,13048.0,3268.0,1304.8,326.8
2013-12,2013,12,EASTERN REGION,EASTERN REGION,JHARKHAND,JHARKHAND,Hazaribag,HAZARIBAG,126.0,48110.0,13128.0,4811.0,1312.8
2013-12,2013,12,EASTERN REGION,EASTERN REGION,JHARKHAND,JHARKHAND,Jamtara,JAMTARA,53.0,10192.0,2679.0,1019.2,267.9
2013-12,2013,12,EASTERN REGION,EASTERN REGION,JHARKHAND,JHARKHAND,Khunti,KHUNTI,41.0,6949.0,1798.0,694.9,179.8
2013-12,2013,12,EASTERN REGION,EASTERN REGION,JHARKHAND,JHARKHAND,Koderma,KODERMA,51.0,15335.0,4921.0,1533.5,492.1
2013-12,2013,12,EASTERN REGION,EASTERN REGION,JHARKHAND,JHARKHAND,Latehar,LATEHAR,34.0,8266.0,2501.0,826.6,250.1
2013-12,2013,12,EASTERN REGION,EASTERN REGION,JHARKHAND,JHARKHAND,Lohardagga,LOHARDAGGA,35.0,6336.0,2369.0,633.6,236.9
2013-12,2013,12,EASTERN REGION,EASTERN REGION,JHARKHAND,JHARKHAND,Pakur,PAKUR,48.0,6112.0,1946.0,611.2,194.6
2013-12,2013,12,EASTERN REGION,EASTERN REGION,JHARKHAND,JHARKHAND,Palamau,PALAMAU,100.0,29779.0,8700.0,2977.9,870.0
2013-12,2013,12,EASTERN REGION,EASTERN REGION,JHARKHAND,JHARKHAND,Paschimi Singhbhum,PASCHIMI SINGHBHUM,116.0,122270.0,15519.0,12227.0,1551.9
2013-12,2013,12,EASTERN REGION,EASTERN REGION,JHARKHAND,JHARKHAND,Purbi Singhbhum,PURBI SINGHBHUM,265.0,152250.0,74878.0,15225.0,7487.8
2013-12,2013,12,EASTERN REGION,EASTERN REGION,JHARKHAND,JHARKHAND,Ramgarh,RAMGARH,84.0,32085.0,10615.0,3208.5,1061.5
2013-12,2013,12,EASTERN REGION,EASTERN REGION,JHARKHAND,JHARKHAND,Ranchi,RANCHI,346.0,259544.0,77767.0,25954.4,7776.7
2013-12,2013,12,EASTERN REGION,EASTERN REGION,JHARKHAND,JHARKHAND,Sahebganj,SAHEBGANJ,62.0,11302.0,4907.0,1130.2,490.7
2013-12,2013,12,EASTERN REGION,EASTERN REGION,JHARKHAND,JHARKHAND,Seraikela-Kharsawan,SERAIKELA KHARSAWAN,86.0,20769.0,10940.0,2076.9,1094.0
2013-12,2013,12,EASTERN REGION,EASTERN REGION,JHARKHAND,JHARKHAND,Simdega,SIMDEGA,38.0,7484.0,1662.0,748.4,166.2
2013-12,2013,12,SOUTHERN REGION,SOUTHERN REGION,KARNATAKA,KARNATAKA,Bagalkote,BAGALKOTE,206.0,43129.0,49943.0,4312.9,4994.3
2013-12,2013,12,SOUTHERN REGION,SOUTHERN REGION,KARNATAKA,KARNATAKA,Bangalore Rural,BANGALORE RURAL,163.0,38740.0,27640.0,3874.0,2764.0
2013-12,2013,12,SOUTHERN REGION,SOUTHERN REGION,KARNATAKA,KARNATAKA,Bangalore Urban,BANGALORE URBAN,1848.0,3292606.0,2298468.0,329260.6,229846.8
2013-12,2013,12,SOUTHERN REGION,SOUTHERN REGION,KARNATAKA,KARNATAKA,Belgaum,BELGAUM,490.0,141938.0,103258.0,14193.8,10325.8
2013-12,2013,12,SOUTHERN REGION,SOUTHERN REGION,KARNATAKA,KARNATAKA,Bellary,BELLARY,261.0,79007.0,81340.0,7900.7,8134.0
2013-12,2013,12,SOUTHERN REGION,SOUTHERN REGION,KARNATAKA,KARNATAKA,Bidar,BIDAR,143.0,23367.0,19574.0,2336.7,1957.4
2013-12,2013,12,SOUTHERN REGION,SOUTHERN REGION,KARNATAKA,KARNATAKA,Bijapur,BIJAPUR,185.0,39627.0,40328.0,3962.7,4032.8
2013-12,2013,12,SOUTHERN REGION,SOUTHERN REGION,KARNATAKA,KARNATAKA,Chamarajanagar,CHAMARAJANAGAR,98.0,12847.0,14351.0,1284.7,1435.1
2013-12,2013,12,SOUTHERN REGION,SOUTHERN REGION,KARNATAKA,KARNATAKA,Chikkaballapura,CHIKKABALLAPURA,126.0,20155.0,22088.0,2015.5,2208.8
2013-12,2013,12,SOUTHERN REGION,SOUTHERN REGION,KARNATAKA,KARNATAKA,Chikmagalur,CHIKMAGALUR,195.0,42250.0,31267.0,4225.0,3126.7
2013-12,2013,12,SOUTHERN REGION,SOUTHERN REGION,KARNATAKA,KARNATAKA,Chitradurga,CHITRADURGA,177.0,28078.0,25836.0,2807.8,2583.6
2013-12,2013,12,SOUTHERN REGION,SOUTHERN REGION,KARNATAKA,KARNATAKA,Dakshin Kannad,DAKSHIN KANNAD,494.0,258089.0,123085.0,25808.9,12308.5
2013-12,2013,12,SOUTHERN REGION,SOUTHERN REGION,KARNATAKA,KARNATAKA,Davangere,DAVANGERE,184.0,41476.0,41789.0,4147.6,4178.9
2013-12,2013,12,SOUTHERN REGION,SOUTHERN REGION,KARNATAKA,KARNATAKA,Dharwad,DHARWAD,307.0,115485.0,77579.0,11548.5,7757.9
2013-12,2013,12,SOUTHERN REGION,SOUTHERN REGION,KARNATAKA,KARNATAKA,Gadag,GADAG,132.0,22888.0,19273.0,2288.8,1927.3
2013-12,2013,12,SOUTHERN REGION,SOUTHERN REGION,KARNATAKA,KARNATAKA,Gulbarga,GULBARGA,212.0,56474.0,44477.0,5647.4,4447.7
2013-12,2013,12,SOUTHERN REGION,SOUTHERN REGION,KARNATAKA,KARNATAKA,Hassan,HASSAN,249.0,45293.0,39374.0,4529.3,3937.4
2013-12,2013,12,SOUTHERN REGION,SOUTHERN REGION,KARNATAKA,KARNATAKA,Haveri,HAVERI,163.0,24236.0,24438.0,2423.6,2443.8
2013-12,2013,12,SOUTHERN REGION,SOUTHERN REGION,KARNATAKA,KARNATAKA,Kodagu,KODAGU,138.0,30776.0,18768.0,3077.6,1876.8
2013-12,2013,12,SOUTHERN REGION,SOUTHERN REGION,KARNATAKA,KARNATAKA,Kolar,KOLAR,134.0,29741.0,22848.0,2974.1,2284.8
2013-12,2013,12,SOUTHERN REGION,SOUTHERN REGION,KARNATAKA,KARNATAKA,Koppal,KOPPAL,128.0,21486.0,25302.0,2148.6,2530.2
2013-12,2013,12,SOUTHERN REGION,SOUTHERN REGION,KARNATAKA,KARNATAKA,Mandya,MANDYA,178.0,28300.0,27431.0,2830.0,2743.1
2013-12,2013,12,SOUTHERN REGION,SOUTHERN REGION,KARNATAKA,KARNATAKA,Mysore,MYSORE,387.0,181812.0,110873.0,18181.2,11087.3
2013-12,2013,12,SOUTHERN REGION,SOUTHERN REGION,KARNATAKA,KARNATAKA,Raichur,RAICHUR,176.0,33668.0,39969.0,3366.8,3996.9
2013-12,2013,12,SOUTHERN REGION,SOUTHERN REGION,KARNATAKA,KARNATAKA,Ramanagara,RAMANAGARA,136.0,35965.0,23090.0,3596.5,2309.0
2013-12,2013,12,SOUTHERN REGION,SOUTHERN REGION,KARNATAKA,KARNATAKA,Shimoga,SHIMOGA,240.0,71536.0,42452.0,7153.6,4245.2
2013-12,2013,12,SOUTHERN REGION,SOUTHERN REGION,KARNATAKA,KARNATAKA,Tumkur,TUMKUR,238.0,51131.0,50425.0,5113.1,5042.5
2013-12,2013,12,SOUTHERN REGION,SOUTHERN REGION,KARNATAKA,KARNATAKA,Udipi,UDIPI,305.0,129393.0,58652.0,12939.3,5865.2
2013-12,2013,12,SOUTHERN REGION,SOUTHERN REGION,KARNATAKA,KARNATAKA,Uttar Kannad,UTTAR KANNAD,239.0,66801.0,18807.0,6680.1,1880.7
2013-12,2013,12,SOUTHERN REGION,SOUTHERN REGION,KARNATAKA,KARNATAKA,Yadgir,YADGIR,91.0,11834.0,13776.0,1183.4,1377.6
2013-12,2013,12,SOUTHERN REGION,SOUTHERN REGION,KERALA,KERALA,Alapuzha,ALAPUZHA,335.0,154273.0,84565.0,15427.3,8456.5
2013-12,2013,12,SOUTHERN REGION,SOUTHERN REGION,KERALA,KERALA,Ernakulam,ERNAKULAM,851.0,541903.0,467189.0,54190.3,46718.9
2013-12,2013,12,SOUTHERN REGION,SOUTHERN REGION,KERALA,KERALA,Idukki,IDUKKI,154.0,29547.0,37410.0,2954.7,3741.0
2013-12,2013,12,SOUTHERN REGION,SOUTHERN REGION,KERALA,KERALA,Kannur,KANNUR,336.0,134700.0,75545.0,13470.0,7554.5
2013-12,2013,12,SOUTHERN REGION,SOUTHERN REGION,KERALA,KERALA,Kasaragod,KASARAGOD,191.0,42522.0,36453.0,4252.2,3645.3
2013-12,2013,12,SOUTHERN REGION,SOUTHERN REGION,KERALA,KERALA,Kollam,KOLLAM,345.0,184927.0,112831.0,18492.7,11283.1
2013-12,2013,12,SOUTHERN REGION,SOUTHERN REGION,KERALA,KERALA,Kottayam,KOTTAYAM,447.0,197649.0,116487.0,19764.9,11648.7
2013-12,2013,12,SOUTHERN REGION,SOUTHERN REGION,KERALA,KERALA,Kozhikode,KOZHIKODE,382.0,149009.0,108640.0,14900.9,10864.0
2013-12,2013,12,SOUTHERN REGION,SOUTHERN REGION,KERALA,KERALA,Malappuram,MALAPPURAM,386.0,118789.0,73315.0,11878.9,7331.5
2013-12,2013,12,SOUTHERN REGION,SOUTHERN REGION,KERALA,KERALA,Palakkad,PALAKKAD,358.0,119964.0,84909.0,11996.4,8490.9
2013-12,2013,12,SOUTHERN REGION,SOUTHERN REGION,KERALA,KERALA,Pathanamthitta,PATHANAMTHITTA,353.0,223524.0,64765.0,22352.4,6476.5
2013-12,2013,12,SOUTHERN REGION,SOUTHERN REGION,KERALA,KERALA,Thiruvananthapuram,THIRUVANANTHAPURAM,615.0,440768.0,279107.0,44076.8,27910.7
2013-12,2013,12,SOUTHERN REGION,SOUTHERN REGION,KERALA,KERALA,Thrissur,THRISSUR,606.0,295104.0,171557.0,29510.4,17155.7
2013-12,2013,12,SOUTHERN REGION,SOUTHERN REGION,KERALA,KERALA,Wayanad,WAYANAD,105.0,16561.0,21030.0,1656.1,2103.0
2013-12,2013,12,SOUTHERN REGION,SOUTHERN REGION,LAKSHADWEEP,LAKSHADWEEP,LAKSHADWEEP,LAKSHADWEEP,12.0,6702.0,611.0,670.2,61.1
2013-12,2013,12,CENTRAL REGION,CENTRAL REGION,MADHYA PRADESH,MADHYA PRADESH,Agar-Malwa,AGAR MALWA,28.0,3568.0,4119.0,356.8,411.9
2013-12,2013,12,CENTRAL REGION,CENTRAL REGION,MADHYA PRADESH,MADHYA PRADESH,Alirajpur,ALIRAJPUR,24.0,5351.0,1314.0,535.1,131.4
2013-12,2013,12,CENTRAL REGION,CENTRAL REGION,MADHYA PRADESH,MADHYA PRADESH,Anuppur,ANUPPUR,45.0,16409.0,3680.0,1640.9,368.0
2013-12,2013,12,CENTRAL REGION,CENTRAL REGION,MADHYA PRADESH,MADHYA PRADESH,Ashoknagar,ASHOKNAGAR,54.0,10441.0,7143.0,1044.1,714.3
2013-12,2013,12,CENTRAL REGION,CENTRAL REGION,MADHYA PRADESH,MADHYA PRADESH,Balaghat,BALAGHAT,97.0,20944.0,7602.0,2094.4,760.2
2013-12,2013,12,CENTRAL REGION,CENTRAL REGION,MADHYA PRADESH,MADHYA PRADESH,Barwani,BARWANI,79.0,13201.0,14536.0,1320.1,1453.6
2013-12,2013,12,CENTRAL REGION,CENTRAL REGION,MADHYA PRADESH,MADHYA PRADESH,Betul,BETUL,101.0,28641.0,10309.0,2864.1,1030.9
2013-12,2013,12,CENTRAL REGION,CENTRAL REGION,MADHYA PRADESH,MADHYA PRADESH,Bhind,BHIND,74.0,17803.0,5923.0,1780.3,592.3
2013-12,2013,12,CENTRAL REGION,CENTRAL REGION,MADHYA PRADESH,MADHYA PRADESH,Bhopal,BHOPAL,395.0,589100.0,250722.0,58910.0,25072.2
2013-12,2013,12,CENTRAL REGION,CENTRAL REGION,MADHYA PRADESH,MADHYA PRADESH,Burhanpur,BURHANPUR,45.0,13887.0,9779.0,1388.7,977.9
2013-12,2013,12,CENTRAL REGION,CENTRAL REGION,MADHYA PRADESH,MADHYA PRADESH,Chhatarpur,CHHATARPUR,90.0,28366.0,8889.0,2836.6,888.9
2013-12,2013,12,CENTRAL REGION,CENTRAL REGION,MADHYA PRADESH,MADHYA PRADESH,Chhindwara,CHHINDWARA,147.0,42323.0,18703.0,4232.3,1870.3
2013-12,2013,12,CENTRAL REGION,CENTRAL REGION,MADHYA PRADESH,MADHYA PRADESH,Damoh,DAMOH,69.0,15629.0,7275.0,1562.9,727.5
2013-12,2013,12,CENTRAL REGION,CENTRAL REGION,MADHYA PRADESH,MADHYA PRADESH,Datia,DATIA,51.0,10658.0,6537.0,1065.8,653.7
2013-12,2013,12,CENTRAL REGION,CENTRAL REGION,MADHYA PRADESH,MADHYA PRADESH,Dewas,DEWAS,114.0,25295.0,24540.0,2529.5,2454.0
2013-12,2013,12,CENTRAL REGION,CENTRAL REGION,MADHYA PRADESH,MADHYA PRADESH,Dhar,DHAR,171.0,32165.0,24122.0,3216.5,2412.2
2013-12,2013,12,CENTRAL REGION,CENTRAL REGION,MADHYA PRADESH,MADHYA PRADESH,Dindori,DINDORI,32.0,6446.0,1454.0,644.6,145.4
2013-12,2013,12,CENTRAL REGION,CENTRAL REGION,MADHYA PRADESH,MADHYA PRADESH,East Nimar,EAST NIMAR,83.0,20215.0,14893.0,2021.5,1489.3
2013-12,2013,12,CENTRAL REGION,CENTRAL REGION,MADHYA PRADESH,MADHYA PRADESH,Guna,GUNA,79.0,18599.0,14260.0,1859.9,1426.0
2013-12,2013,12,CENTRAL REGION,CENTRAL REGION,MADHYA PRADESH,MADHYA PRADESH,Gwalior,GWALIOR,202.0,110889.0,40087.0,11088.9,4008.7
2013-12,2013,12,CENTRAL REGION,CENTRAL REGION,MADHYA PRADESH,MADHYA PRADESH,Harda,HARDA,53.0,11547.0,19370.0,1154.7,1937.0
2013-12,2013,12,CENTRAL REGION,CENTRAL REGION,MADHYA PRADESH,MADHYA PRADESH,Hoshangabad,HOSHANGABAD,138.0,31367.0,26026.0,3136.7,2602.6
2013-12,2013,12,CENTRAL REGION,CENTRAL REGION,MADHYA PRADESH,MADHYA PRADESH,Indore,INDORE,462.0,306138.0,340761.0,30613.8,34076.1
2013-12,2013,12,CENTRAL REGION,CENTRAL REGION,MADHYA PRADESH,MADHYA PRADESH,Jabalpur,JABALPUR,251.0,139233.0,52295.0,13923.3,5229.5
2013-12,2013,12,CENTRAL REGION,CENTRAL REGION,MADHYA PRADESH,MADHYA PRADESH,Jhabua,JHABUA,45.0,9907.0,4076.0,990.7,407.6
2013-12,2013,12,CENTRAL REGION,CENTRAL REGION,MADHYA PRADESH,MADHYA PRADESH,Katni,KATNI,84.0,27518.0,11532.0,2751.8,1153.2
2013-12,2013,12,CENTRAL REGION,CENTRAL REGION,MADHYA PRADESH,MADHYA PRADESH,Mandla,MANDLA,58.0,14958.0,4372.0,1495.8,437.2
2013-12,2013,12,CENTRAL REGION,CENTRAL REGION,MADHYA PRADESH,MADHYA PRADESH,Mandsaur,MANDSAUR,83.0,19369.0,10438.0,1936.9,1043.8
2013-12,2013,12,CENTRAL REGION,CENTRAL REGION,MADHYA PRADESH,MADHYA PRADESH,Morena,MORENA,83.0,19777.0,15641.0,1977.7,1564.1
2013-12,2013,12,CENTRAL REGION,CENTRAL REGION,MADHYA PRADESH,MADHYA PRADESH,Narsimhapur,NARSIMHAPUR,93.0,17854.0,15043.0,1785.4,1504.3
2013-12,2013,12,CENTRAL REGION,CENTRAL REGION,MADHYA PRADESH,MADHYA PRADESH,Neemuch,NEEMUCH,66.0,15367.0,7718.0,1536.7,771.8
2013-12,2013,12,CENTRAL REGION,CENTRAL REGION,MADHYA PRADESH,MADHYA PRADESH,Panna,PANNA,49.0,12371.0,3807.0,1237.1,380.7
2013-12,2013,12,CENTRAL REGION,CENTRAL REGION,MADHYA PRADESH,MADHYA PRADESH,Raisen,RAISEN,110.0,17490.0,21025.0,1749.0,2102.5
2013-12,2013,12,CENTRAL REGION,CENTRAL REGION,MADHYA PRADESH,MADHYA PRADESH,Rajgarh,RAJGARH,93.0,14522.0,16462.0,1452.2,1646.2
2013-12,2013,12,CENTRAL REGION,CENTRAL REGION,MADHYA PRADESH,MADHYA PRADESH,Ratlam,RATLAM,110.0,29864.0,18792.0,2986.4,1879.2
2013-12,2013,12,CENTRAL REGION,CENTRAL REGION,MADHYA PRADESH,MADHYA PRADESH,Rewa,REWA,146.0,54319.0,12918.0,5431.9,1291.8
2013-12,2013,12,CENTRAL REGION,CENTRAL REGION,MADHYA PRADESH,MADHYA PRADESH,Sagar,SAGAR,165.0,62452.0,21606.0,6245.2,2160.6
2013-12,2013,12,CENTRAL REGION,CENTRAL REGION,MADHYA PRADESH,MADHYA PRADESH,Satna,SATNA,150.0,46909.0,16437.0,4690.9,1643.7
2013-12,2013,12,CENTRAL REGION,CENTRAL REGION,MADHYA PRADESH,MADHYA PRADESH,Sehore,SEHORE,105.0,17268.0,19156.0,1726.8,1915.6
2013-12,2013,12,CENTRAL REGION,CENTRAL REGION,MADHYA PRADESH,MADHYA PRADESH,Seoni,SEONI,70.0,16792.0,8297.0,1679.2,829.7
2013-12,2013,12,CENTRAL REGION,CENTRAL REGION,MADHYA PRADESH,MADHYA PRADESH,Shahdol,SHAHDOL,58.0,20475.0,5034.0,2047.5,503.4
2013-12,2013,12,CENTRAL REGION,CENTRAL REGION,MADHYA PRADESH,MADHYA PRADESH,Shajapur,SHAJAPUR,67.0,11140.0,12578.0,1114.0,1257.8
2013-12,2013,12,CENTRAL REGION,CENTRAL REGION,MADHYA PRADESH,MADHYA PRADESH,Sheopur,SHEOPUR,27.0,6005.0,3787.0,600.5,378.7
2013-12,2013,12,CENTRAL REGION,CENTRAL REGION,MADHYA PRADESH,MADHYA PRADESH,Shivpuri,SHIVPURI,79.0,21271.0,8748.0,2127.1,874.8
2013-12,2013,12,CENTRAL REGION,CENTRAL REGION,MADHYA PRADESH,MADHYA PRADESH,Sidhi,SIDHI,55.0,15995.0,2603.0,1599.5,260.3
2013-12,2013,12,CENTRAL REGION,CENTRAL REGION,MADHYA PRADESH,MADHYA PRADESH,Singrauli,SINGRAULI,68.0,72068.0,5422.0,7206.8,542.2
2013-12,2013,12,CENTRAL REGION,CENTRAL REGION,MADHYA PRADESH,MADHYA PRADESH,Tikamgarh,TIKAMGARH,71.0,19476.0,4923.0,1947.6,492.3
2013-12,2013,12,CENTRAL REGION,CENTRAL REGION,MADHYA PRADESH,MADHYA PRADESH,Ujjain,UJJAIN,166.0,54592.0,34186.0,5459.2,3418.6
2013-12,2013,12,CENTRAL REGION,CENTRAL REGION,MADHYA PRADESH,MADHYA PRADESH,Umaria,UMARIA,32.0,12364.0,2089.0,1236.4,208.9
2013-12,2013,12,CENTRAL REGION,CENTRAL REGION,MADHYA PRADESH,MADHYA PRADESH,Vidisha,VIDISHA,100.0,20042.0,19177.0,2004.2,1917.7
2013-12,2013,12,CENTRAL REGION,CENTRAL REGION,MADHYA PRADESH,MADHYA PRADESH,West Nimar,WEST NIMAR,106.0,22724.0,19579.0,2272.4,1957.9
2013-12,2013,12,WESTERN REGION,WESTERN REGION,MAHARASHTRA,MAHARASHTRA,Ahmadnagar,AHMADNAGAR,336.0,94609.0,97239.0,9460.9,9723.9
2013-12,2013,12,WESTERN REGION,WESTERN REGION,MAHARASHTRA,MAHARASHTRA,Akola,AKOLA,142.0,38014.0,21160.0,3801.4,2116.0
2013-12,2013,12,WESTERN REGION,WESTERN REGION,MAHARASHTRA,MAHARASHTRA,Amravati,AMRAVATI,216.0,63271.0,33387.0,6327.1,3338.7
2013-12,2013,12,WESTERN REGION,WESTERN REGION,MAHARASHTRA,MAHARASHTRA,Aurangabad,AURANGABAD,259.0,104976.0,107380.0,10497.6,10738.0
2013-12,2013,12,WESTERN REGION,WESTERN REGION,MAHARASHTRA,MAHARASHTRA,Bhandara,BHANDARA,98.0,32773.0,8134.0,3277.3,813.4
2013-12,2013,12,WESTERN REGION,WESTERN REGION,MAHARASHTRA,MAHARASHTRA,Bid,BID,132.0,34271.0,26115.0,3427.1,2611.5
2013-12,2013,12,WESTERN REGION,WESTERN REGION,MAHARASHTRA,MAHARASHTRA,Buldhana,BULDHANA,151.0,33367.0,26186.0,3336.7,2618.6
2013-12,2013,12,WESTERN REGION,WESTERN REGION,MAHARASHTRA,MAHARASHTRA,Chandrapur,CHANDRAPUR,182.0,56894.0,17319.0,5689.4,1731.9
2013-12,2013,12,WESTERN REGION,WESTERN REGION,MAHARASHTRA,MAHARASHTRA,Dhule,DHULE,101.0,40267.0,24394.0,4026.7,2439.4
2013-12,2013,12,WESTERN REGION,WESTERN REGION,MAHARASHTRA,MAHARASHTRA,Gadchiroli,GADCHIROLI,59.0,15401.0,4538.0,1540.1,453.8
2013-12,2013,12,WESTERN REGION,WESTERN REGION,MAHARASHTRA,MAHARASHTRA,Gondia,GONDIA,82.0,19473.0,8303.0,1947.3,830.3
2013-12,2013,12,WESTERN REGION,WESTERN REGION,MAHARASHTRA,MAHARASHTRA,Hingoli,HINGOLI,53.0,9760.0,10138.0,976.0,1013.8
2013-12,2013,12,WESTERN REGION,WESTERN REGION,MAHARASHTRA,MAHARASHTRA,Jalgaon,JALGAON,256.0,76833.0,53678.0,7683.3,5367.8
2013-12,2013,12,WESTERN REGION,WESTERN REGION,MAHARASHTRA,MAHARASHTRA,Jalna,JALNA,98.0,21078.0,29449.0,2107.8,2944.9
2013-12,2013,12,WESTERN REGION,WESTERN REGION,MAHARASHTRA,MAHARASHTRA,Kolhapur,KOLHAPUR,351.0,114644.0,96796.0,11464.4,9679.6
2013-12,2013,12,WESTERN REGION,WESTERN REGION,MAHARASHTRA,MAHARASHTRA,Latur,LATUR,146.0,34752.0,28132.0,3475.2,2813.2
2013-12,2013,12,WESTERN REGION,WESTERN REGION,MAHARASHTRA,MAHARASHTRA,Mumbai,MUMBAI,987.0,9752257.0,9581111.0,975225.7,958111.1
2013-12,2013,12,WESTERN REGION,WESTERN REGION,MAHARASHTRA,MAHARASHTRA,Mumbai Suburban,MUMBAI SUBURBAN,1290.0,4297187.0,3923503.0,429718.7,392350.3
2013-12,2013,12,WESTERN REGION,WESTERN REGION,MAHARASHTRA,MAHARASHTRA,Nagpur,NAGPUR,525.0,450369.0,310026.0,45036.9,31002.6
2013-12,2013,12,WESTERN REGION,WESTERN REGION,MAHARASHTRA,MAHARASHTRA,Nanded,NANDED,179.0,48777.0,41411.0,4877.7,4141.1
2013-12,2013,12,WESTERN REGION,WESTERN REGION,MAHARASHTRA,MAHARASHTRA,Nandurbar,NANDURBAR,60.0,20553.0,9728.0,2055.3,972.8
2013-12,2013,12,WESTERN REGION,WESTERN REGION,MAHARASHTRA,MAHARASHTRA,Nasik,NASIK,455.0,204307.0,134619.0,20430.7,13461.9
2013-12,2013,12,WESTERN REGION,WESTERN REGION,MAHARASHTRA,MAHARASHTRA,Osmanabad,OSMANABAD,99.0,24042.0,14977.0,2404.2,1497.7
2013-12,2013,12,WESTERN REGION,WESTERN REGION,MAHARASHTRA,MAHARASHTRA,Parbhani,PARBHANI,98.0,21301.0,26249.0,2130.1,2624.9
2013-12,2013,12,WESTERN REGION,WESTERN REGION,MAHARASHTRA,MAHARASHTRA,Pune,PUNE,1142.0,1399986.0,1063480.0,139998.6,106348.0
2013-12,2013,12,WESTERN REGION,WESTERN REGION,MAHARASHTRA,MAHARASHTRA,Raigad,RAIGAD,329.0,184475.0,79705.0,18447.5,7970.5
2013-12,2013,12,WESTERN REGION,WESTERN REGION,MAHARASHTRA,MAHARASHTRA,Ratnagiri,RATNAGIRI,203.0,48924.0,23209.0,4892.4,2320.9
2013-12,2013,12,WESTERN REGION,WESTERN REGION,MAHARASHTRA,MAHARASHTRA,Sangli,SANGLI,241.0,74069.0,50866.0,7406.9,5086.6
2013-12,2013,12,WESTERN REGION,WESTERN REGION,MAHARASHTRA,MAHARASHTRA,Satara,SATARA,243.0,64939.0,38680.0,6493.9,3868.0
2013-12,2013,12,WESTERN REGION,WESTERN REGION,MAHARASHTRA,MAHARASHTRA,Sindhudurg,SINDHUDURG,123.0,31169.0,12606.0,3116.9,1260.6
2013-12,2013,12,WESTERN REGION,WESTERN REGION,MAHARASHTRA,MAHARASHTRA,Solapur,SOLAPUR,283.0,81919.0,76990.0,8191.9,7699.0
2013-12,2013,12,WESTERN REGION,WESTERN REGION,MAHARASHTRA,MAHARASHTRA,Thane,THANE,1071.0,949718.0,378215.0,94971.8,37821.5
2013-12,2013,12,WESTERN REGION,WESTERN REGION,MAHARASHTRA,MAHARASHTRA,Wardha,WARDHA,126.0,34309.0,20623.0,3430.9,2062.3
2013-12,2013,12,WESTERN REGION,WESTERN REGION,MAHARASHTRA,MAHARASHTRA,Washim,WASHIM,67.0,10653.0,7152.0,1065.3,715.2
2013-12,2013,12,WESTERN REGION,WESTERN REGION,MAHARASHTRA,MAHARASHTRA,Yavatmal,YAVATMAL,160.0,35265.0,26021.0,3526.5,2602.1
2013-12,2013,12,NORTH-EASTERN REGION,NORTH EASTERN REGION,MANIPUR,MANIPUR,Bishenpur,BISHENPUR,9.0,693.0,597.0,69.3,59.7
2013-12,2013,12,NORTH-EASTERN REGION,NORTH EASTERN REGION,MANIPUR,MANIPUR,Chandel,CHANDEL,4.0,776.0,634.0,77.6,63.4
2013-12,2013,12,NORTH-EASTERN REGION,NORTH EASTERN REGION,MANIPUR,MANIPUR,Churachandpur,CHURACHANDPUR,12.0,2965.0,1117.0,296.5,111.7
2013-12,2013,12,NORTH-EASTERN REGION,NORTH EASTERN REGION,MANIPUR,MANIPUR,Imphal East,IMPHAL EAST,17.0,5639.0,839.0,563.9,83.9
2013-12,2013,12,NORTH-EASTERN REGION,NORTH EASTERN REGION,MANIPUR,MANIPUR,Imphal West,IMPHAL WEST,40.0,28082.0,10278.0,2808.2,1027.8
2013-12,2013,12,NORTH-EASTERN REGION,NORTH EASTERN REGION,MANIPUR,MANIPUR,Senapati,SENAPATI,15.0,2300.0,1325.0,230.0,132.5
2013-12,2013,12,NORTH-EASTERN REGION,NORTH EASTERN REGION,MANIPUR,MANIPUR,Tamenglong,TAMENGLONG,6.0,454.0,135.0,45.4,13.5
2013-12,2013,12,NORTH-EASTERN REGION,NORTH EASTERN REGION,MANIPUR,MANIPUR,Thoubal,THOUBAL,13.0,1533.0,1214.0,153.3,121.4
2013-12,2013,12,NORTH-EASTERN REGION,NORTH EASTERN REGION,MANIPUR,MANIPUR,Ukhrul,UKHRUL,7.0,991.0,208.0,99.1,20.8
2013-12,2013,12,NORTH-EASTERN REGION,NORTH EASTERN REGION,MEGHALAYA,MEGHALAYA,East Garo Hills,EAST GARO HILLS,18.0,4557.0,1261.0,455.7,126.1
2013-12,2013,12,NORTH-EASTERN REGION,NORTH EASTERN REGION,MEGHALAYA,MEGHALAYA,East Khasi Hills,EAST KHASI HILLS,126.0,96135.0,25340.0,9613.5,2534.0
2013-12,2013,12,NORTH-EASTERN REGION,NORTH EASTERN REGION,MEGHALAYA,MEGHALAYA,Jaintia Hills,JAINTIA HILLS,42.0,13334.0,2400.0,1333.4,240.0
2013-12,2013,12,NORTH-EASTERN REGION,NORTH EASTERN REGION,MEGHALAYA,MEGHALAYA,Ri Bhoi,RI BHOI,22.0,6297.0,3468.0,629.7,346.8
2013-12,2013,12,NORTH-EASTERN REGION,NORTH EASTERN REGION,MEGHALAYA,MEGHALAYA,South Garo Hills,SOUTH GARO HILLS,3.0,973.0,203.0,97.3,20.3
2013-12,2013,12,NORTH-EASTERN REGION,NORTH EASTERN REGION,MEGHALAYA,MEGHALAYA,West Garo Hills,WEST GARO HILLS,33.0,9341.0,2842.0,934.1,284.2
2013-12,2013,12,NORTH-EASTERN REGION,NORTH EASTERN REGION,MEGHALAYA,MEGHALAYA,West Khasi Hills,WEST KHASI HILLS,23.0,4836.0,1710.0,483.6,171.0
2013-12,2013,12,NORTH-EASTERN REGION,NORTH EASTERN REGION,MIZORAM,MIZORAM,Aizawl,AIZAWL,56.0,32817.0,9158.0,3281.7,915.8
2013-12,2013,12,NORTH-EASTERN REGION,NORTH EASTERN REGION,MIZORAM,MIZORAM,Champhai,CHAMPHAI,12.0,1481.0,829.0,148.1,82.9
2013-12,2013,12,NORTH-EASTERN REGION,NORTH EASTERN REGION,MIZORAM,MIZORAM,Kolasib,KOLASIB,11.0,1491.0,642.0,149.1,64.2
2013-12,2013,12,NORTH-EASTERN REGION,NORTH EASTERN REGION,MIZORAM,MIZORAM,Lawngtlai,LAWNGTLAI,4.0,887.0,1416.0,88.7,141.6
2013-12,2013,12,NORTH-EASTERN REGION,NORTH EASTERN REGION,MIZORAM,MIZORAM,Lunglei,LUNGLEI,16.0,2937.0,1748.0,293.7,174.8
2013-12,2013,12,NORTH-EASTERN REGION,NORTH EASTERN REGION,MIZORAM,MIZORAM,Mamit,MAMIT,12.0,2516.0,757.0,251.6,75.7
2013-12,2013,12,NORTH-EASTERN REGION,NORTH EASTERN REGION,MIZORAM,MIZORAM,Saiha,SAIHA,5.0,658.0,745.0,65.8,74.5
2013-12,2013,12,NORTH-EASTERN REGION,NORTH EASTERN REGION,MIZORAM,MIZORAM,Serchhip,SERCHHIP,9.0,1009.0,589.0,100.9,58.9
2013-12,2013,12,NORTH-EASTERN REGION,NORTH EASTERN REGION,NAGALAND,NAGALAND,Dimapur,DIMAPUR,42.0,28839.0,8678.0,2883.9,867.8
2013-12,2013,12,NORTH-EASTERN REGION,NORTH EASTERN REGION,NAGALAND,NAGALAND,Kiphire,KIPHIRE,2.0,303.0,171.0,30.3,17.1
2013-12,2013,12,NORTH-EASTERN REGION,NORTH EASTERN REGION,NAGALAND,NAGALAND,Kohima,KOHIMA,28.0,23085.0,4069.0,2308.5,406.9
2013-12,2013,12,NORTH-EASTERN REGION,NORTH EASTERN REGION,NAGALAND,NAGALAND,Longleng,LONGLENG,1.0,330.0,160.0,33.0,16.0
2013-12,2013,12,NORTH-EASTERN REGION,NORTH EASTERN REGION,NAGALAND,NAGALAND,Mokokchung,MOKOKCHUNG,20.0,2436.0,1751.0,243.6,175.1
2013-12,2013,12,NORTH-EASTERN REGION,NORTH EASTERN REGION,NAGALAND,NAGALAND,Mon,MON,5.0,1022.0,556.0,102.2,55.6
2013-12,2013,12,NORTH-EASTERN REGION,NORTH EASTERN REGION,NAGALAND,NAGALAND,Peren,PEREN,3.0,507.0,597.0,50.7,59.7
2013-12,2013,12,NORTH-EASTERN REGION,NORTH EASTERN REGION,NAGALAND,NAGALAND,Phek,PHEK,5.0,928.0,634.0,92.8,63.4
2013-12,2013,12,NORTH-EASTERN REGION,NORTH EASTERN REGION,NAGALAND,NAGALAND,Tuensang,TUENSANG,7.0,837.0,863.0,83.7,86.3
2013-12,2013,12,NORTH-EASTERN REGION,NORTH EASTERN REGION,NAGALAND,NAGALAND,Wokha,WOKHA,11.0,1196.0,1003.0,119.6,100.3
2013-12,2013,12,NORTH-EASTERN REGION,NORTH EASTERN REGION,NAGALAND,NAGALAND,Zunheboto,ZUNHEBOTO,7.0,1172.0,884.0,117.2,88.4
2013-12,2013,12,NORTHERN REGION,NORTHERN REGION,NCT of DELHI,NCT OF DELHI,NCT of DELHI,NCT OF DELHI,2969.0,7857335.0,7491443.0,785733.5,749144.3
2013-12,2013,12,EASTERN REGION,EASTERN REGION,ODISHA,ODISHA,Angul,ANGUL,124.0,45652.0,15833.0,4565.2,1583.3
2013-12,2013,12,EASTERN REGION,EASTERN REGION,ODISHA,ODISHA,Balangir,BALANGIR,107.0,25784.0,10002.0,2578.4,1000.2
2013-12,2013,12,EASTERN REGION,EASTERN REGION,ODISHA,ODISHA,Baleshwar,BALESHWAR,162.0,47047.0,24975.0,4704.7,2497.5
2013-12,2013,12,EASTERN REGION,EASTERN REGION,ODISHA,ODISHA,Bargarh,BARGARH,106.0,21108.0,13001.0,2110.8,1300.1
2013-12,2013,12,EASTERN REGION,EASTERN REGION,ODISHA,ODISHA,Bhadrak,BHADRAK,96.0,24352.0,9772.0,2435.2,977.2
2013-12,2013,12,EASTERN REGION,EASTERN REGION,ODISHA,ODISHA,Boudh,BOUDH,29.0,4490.0,1894.0,449.0,189.4
2013-12,2013,12,EASTERN REGION,EASTERN REGION,ODISHA,ODISHA,Cuttack,CUTTACK,291.0,122672.0,52771.0,12267.2,5277.1
2013-12,2013,12,EASTERN REGION,EASTERN REGION,ODISHA,ODISHA,Deogarh,DEOGARH,27.0,5336.0,1365.0,533.6,136.5
2013-12,2013,12,EASTERN REGION,EASTERN REGION,ODISHA,ODISHA,Dhenkanal,DHENKANAL,88.0,27488.0,8840.0,2748.8,884.0
2013-12,2013,12,EASTERN REGION,EASTERN REGION,ODISHA,ODISHA,Gajapati,GAJAPATI,42.0,10047.0,2050.0,1004.7,205.0
2013-12,2013,12,EASTERN REGION,EASTERN REGION,ODISHA,ODISHA,Ganjam,GANJAM,304.0,95755.0,31747.0,9575.5,3174.7
2013-12,2013,12,EASTERN REGION,EASTERN REGION,ODISHA,ODISHA,Jagatsinghpur,JAGATSINGHPUR,120.0,50371.0,9261.0,5037.1,926.1
2013-12,2013,12,EASTERN REGION,EASTERN REGION,ODISHA,ODISHA,Jajpur,JAJPUR,141.0,36487.0,16806.0,3648.7,1680.6
2013-12,2013,12,EASTERN REGION,EASTERN REGION,ODISHA,ODISHA,Jharsuguda,JHARSUGUDA,65.0,21580.0,8487.0,2158.0,848.7
2013-12,2013,12,EASTERN REGION,EASTERN REGION,ODISHA,ODISHA,Kalahandi,KALAHANDI,108.0,17303.0,10484.0,1730.3,1048.4
2013-12,2013,12,EASTERN REGION,EASTERN REGION,ODISHA,ODISHA,Kandhamal,KANDHAMAL,53.0,12518.0,3267.0,1251.8,326.7
2013-12,2013,12,EASTERN REGION,EASTERN REGION,ODISHA,ODISHA,Kendrapara,KENDRAPARA,99.0,25896.0,7643.0,2589.6,764.3
2013-12,2013,12,EASTERN REGION,EASTERN REGION,ODISHA,ODISHA,Keonjhar,KEONJHAR,168.0,57497.0,19943.0,5749.7,1994.3
2013-12,2013,12,EASTERN REGION,EASTERN REGION,ODISHA,ODISHA,Khurda,KHURDA,451.0,474718.0,315612.0,47471.8,31561.2
2013-12,2013,12,EASTERN REGION,EASTERN REGION,ODISHA,ODISHA,Koraput,KORAPUT,89.0,26827.0,9564.0,2682.7,956.4
2013-12,2013,12,EASTERN REGION,EASTERN REGION,ODISHA,ODISHA,Malkangiri,MALKANGIRI,29.0,8261.0,1341.0,826.1,134.1
2013-12,2013,12,EASTERN REGION,EASTERN REGION,ODISHA,ODISHA,Mayurbhanj,MAYURBHANJ,200.0,47157.0,16275.0,4715.7,1627.5
2013-12,2013,12,EASTERN REGION,EASTERN REGION,ODISHA,ODISHA,Nawapara,NAWAPARA,42.0,8616.0,3018.0,861.6,301.8
2013-12,2013,12,EASTERN REGION,EASTERN REGION,ODISHA,ODISHA,Nawrangpur,NAWRANGPUR,50.0,8036.0,4448.0,803.6,444.8
2013-12,2013,12,EASTERN REGION,EASTERN REGION,ODISHA,ODISHA,Nayagarh,NAYAGARH,76.0,15338.0,6939.0,1533.8,693.9
2013-12,2013,12,EASTERN REGION,EASTERN REGION,ODISHA,ODISHA,Puri,PURI,151.0,40535.0,14512.0,4053.5,1451.2
2013-12,2013,12,EASTERN REGION,EASTERN REGION,ODISHA,ODISHA,Rayagada,RAYAGADA,72.0,19026.0,5900.0,1902.6,590.0
2013-12,2013,12,EASTERN REGION,EASTERN REGION,ODISHA,ODISHA,Sambalpur,SAMBALPUR,125.0,183805.0,15827.0,18380.5,1582.7
2013-12,2013,12,EASTERN REGION,EASTERN REGION,ODISHA,ODISHA,Sonepur,SONEPUR,47.0,7956.0,3745.0,795.6,374.5
2013-12,2013,12,EASTERN REGION,EASTERN REGION,ODISHA,ODISHA,Sundargarh,SUNDARGARH,204.0,98102.0,46059.0,9810.2,4605.9
2013-12,2013,12,SOUTHERN REGION,SOUTHERN REGION,PUDUCHERRY,PUDUCHERRY,Karaikal,KARAIKAL,42.0,10829.0,8542.0,1082.9,854.2
2013-12,2013,12,SOUTHERN REGION,SOUTHERN REGION,PUDUCHERRY,PUDUCHERRY,Mahe,MAHE,8.0,4836.0,1846.0,483.6,184.6
2013-12,2013,12,SOUTHERN REGION,SOUTHERN REGION,PUDUCHERRY,PUDUCHERRY,Puducherry,PUDUCHERRY,131.0,73733.0,57626.0,7373.3,5762.6
2013-12,2013,12,SOUTHERN REGION,SOUTHERN REGION,PUDUCHERRY,PUDUCHERRY,Yanam,YANAM,5.0,1447.0,1094.0,144.7,109.4
2013-12,2013,12,NORTHERN REGION,NORTHERN REGION,PUNJAB,PUNJAB,Amritsar,AMRITSAR,448.0,216915.0,99419.0,21691.5,9941.9
2013-12,2013,12,NORTHERN REGION,NORTHERN REGION,PUNJAB,PUNJAB,Barnala,BARNALA,86.0,21539.0,17272.0,2153.9,1727.2
2013-12,2013,12,NORTHERN REGION,NORTHERN REGION,PUNJAB,PUNJAB,Bathinda,BATHINDA,230.0,68638.0,60266.0,6863.8,6026.6
2013-12,2013,12,NORTHERN REGION,NORTHERN REGION,PUNJAB,PUNJAB,Faridkot,FARIDKOT,104.0,27655.0,19669.0,2765.5,1966.9
2013-12,2013,12,NORTHERN REGION,NORTHERN REGION,PUNJAB,PUNJAB,Fatehgarh Sahib,FATEHGARH SAHIB,128.0,35376.0,39867.0,3537.6,3986.7
2013-12,2013,12,NORTHERN REGION,NORTHERN REGION,PUNJAB,PUNJAB,Fazilka,FAZILKA,119.0,25515.0,41473.0,2551.5,4147.3
2013-12,2013,12,NORTHERN REGION,NORTHERN REGION,PUNJAB,PUNJAB,Ferozpur,FEROZPUR,133.0,35386.0,38114.0,3538.6,3811.4
2013-12,2013,12,NORTHERN REGION,NORTHERN REGION,PUNJAB,PUNJAB,Gurdaspur,GURDASPUR,229.0,82332.0,43450.0,8233.2,4345.0
2013-12,2013,12,NORTHERN REGION,NORTHERN REGION,PUNJAB,PUNJAB,Hoshiarpur,HOSHIARPUR,294.0,154918.0,38871.0,15491.8,3887.1
2013-12,2013,12,NORTHERN REGION,NORTHERN REGION,PUNJAB,PUNJAB,Jalandhar,JALANDHAR,615.0,396018.0,115437.0,39601.8,11543.7
2013-12,2013,12,NORTHERN REGION,NORTHERN REGION,PUNJAB,PUNJAB,Kapurthala,KAPURTHALA,216.0,118730.0,39490.0,11873.0,3949.0
2013-12,2013,12,NORTHERN REGION,NORTHERN REGION,PUNJAB,PUNJAB,Ludhiana,LUDHIANA,718.0,363806.0,571412.0,36380.6,57141.2
2013-12,2013,12,NORTHERN REGION,NORTHERN REGION,PUNJAB,PUNJAB,Mansa,MANSA,88.0,16762.0,18360.0,1676.2,1836.0
2013-12,2013,12,NORTHERN REGION,NORTHERN REGION,PUNJAB,PUNJAB,Moga,MOGA,163.0,54582.0,30105.0,5458.2,3010.5
2013-12,2013,12,NORTHERN REGION,NORTHERN REGION,PUNJAB,PUNJAB,Muktsar,MUKTSAR,127.0,28121.0,28183.0,2812.1,2818.3
2013-12,2013,12,NORTHERN REGION,NORTHERN REGION,PUNJAB,PUNJAB,Pathankot,PATHANKOT,92.0,39644.0,16141.0,3964.4,1614.1
2013-12,2013,12,NORTHERN REGION,NORTHERN REGION,PUNJAB,PUNJAB,Patiala,PATIALA,329.0,163357.0,193886.0,16335.7,19388.6
2013-12,2013,12,NORTHERN REGION,NORTHERN REGION,PUNJAB,PUNJAB,Rupnagar,RUPNAGAR,127.0,44120.0,13984.0,4412.0,1398.4
2013-12,2013,12,NORTHERN REGION,NORTHERN REGION,PUNJAB,PUNJAB,Sahibzada Ajit Singh Nagar,SAHIBZADA AJIT SINGH NAGAR,290.0,135762.0,181785.0,13576.2,18178.5
2013-12,2013,12,NORTHERN REGION,NORTHERN REGION,PUNJAB,PUNJAB,Sangrur,SANGRUR,228.0,67008.0,52984.0,6700.8,5298.4
2013-12,2013,12,NORTHERN REGION,NORTHERN REGION,PUNJAB,PUNJAB,Shahid Bhagat Singh Nagar,SHAHID BHAGAT SINGH NAGAR,146.0,69526.0,15610.0,6952.6,1561.0
2013-12,2013,12,NORTHERN REGION,NORTHERN REGION,PUNJAB,PUNJAB,Tarn Taran,TARN TARAN,134.0,30922.0,20802.0,3092.2,2080.2
2013-12,2013,12,NORTHERN REGION,NORTHERN REGION,RAJASTHAN,RAJASTHAN,Ajmer,AJMER,256.0,117156.0,55948.0,11715.6,5594.8
2013-12,2013,12,NORTHERN REGION,NORTHERN REGION,RAJASTHAN,RAJASTHAN,Alwar,ALWAR,307.0,88626.0,63274.0,8862.6,6327.4
2013-12,2013,12,NORTHERN REGION,NORTHERN REGION,RAJASTHAN,RAJASTHAN,Banswara,BANSWARA,110.0,24456.0,15851.0,2445.6,1585.1
2013-12,2013,12,NORTHERN REGION,NORTHERN REGION,RAJASTHAN,RAJASTHAN,Baran,BARAN,85.0,13380.0,13900.0,1338.0,1390.0
2013-12,2013,12,NORTHERN REGION,NORTHERN REGION,RAJASTHAN,RAJASTHAN,Barmer,BARMER,114.0,30166.0,23088.0,3016.6,2308.8
2013-12,2013,12,NORTHERN REGION,NORTHERN REGION,RAJASTHAN,RAJASTHAN,Bharatpur,BHARATPUR,151.0,37475.0,26317.0,3747.5,2631.7
2013-12,2013,12,NORTHERN REGION,NORTHERN REGION,RAJASTHAN,RAJASTHAN,Bhilwara,BHILWARA,184.0,50261.0,70315.0,5026.1,7031.5
2013-12,2013,12,NORTHERN REGION,NORTHERN REGION,RAJASTHAN,RAJASTHAN,Bikaner,BIKANER,218.0,67262.0,51824.0,6726.2,5182.4
2013-12,2013,12,NORTHERN REGION,NORTHERN REGION,RAJASTHAN,RAJASTHAN,Bundi,BUNDI,91.0,17061.0,15116.0,1706.1,1511.6
2013-12,2013,12,NORTHERN REGION,NORTHERN REGION,RAJASTHAN,RAJASTHAN,Chittaurgarh,CHITTAURGARH,134.0,34830.0,19194.0,3483.0,1919.4
2013-12,2013,12,NORTHERN REGION,NORTHERN REGION,RAJASTHAN,RAJASTHAN,Churu,CHURU,142.0,30703.0,22112.0,3070.3,2211.2
2013-12,2013,12,NORTHERN REGION,NORTHERN REGION,RAJASTHAN,RAJASTHAN,Dausa,DAUSA,112.0,18983.0,12189.0,1898.3,1218.9
2013-12,2013,12,NORTHERN REGION,NORTHERN REGION,RAJASTHAN,RAJASTHAN,Dholpur,DHOLPUR,47.0,11082.0,6905.0,1108.2,690.5
2013-12,2013,12,NORTHERN REGION,NORTHERN REGION,RAJASTHAN,RAJASTHAN,Dungarpur,DUNGARPUR,86.0,21373.0,9405.0,2137.3,940.5
2013-12,2013,12,NORTHERN REGION,NORTHERN REGION,RAJASTHAN,RAJASTHAN,Ganganagar,GANGANAGAR,212.0,47605.0,55846.0,4760.5,5584.6
2013-12,2013,12,NORTHERN REGION,NORTHERN REGION,RAJASTHAN,RAJASTHAN,Hanumangarh,HANUMANGARH,164.0,23980.0,39276.0,2398.0,3927.6
2013-12,2013,12,NORTHERN REGION,NORTHERN REGION,RAJASTHAN,RAJASTHAN,Jaipur,JAIPUR,812.0,562630.0,686145.0,56263.0,68614.5
2013-12,2013,12,NORTHERN REGION,NORTHERN REGION,RAJASTHAN,RAJASTHAN,Jaisalmer,JAISALMER,53.0,10822.0,11066.0,1082.2,1106.6
2013-12,2013,12,NORTHERN REGION,NORTHERN REGION,RAJASTHAN,RAJASTHAN,Jalor,JALOR,102.0,17399.0,15551.0,1739.9,1555.1
2013-12,2013,12,NORTHERN REGION,NORTHERN REGION,RAJASTHAN,RAJASTHAN,Jhalawar,JHALAWAR,86.0,15528.0,12568.0,1552.8,1256.8
2013-12,2013,12,NORTHERN REGION,NORTHERN REGION,RAJASTHAN,RAJASTHAN,Jhunjhunu,JHUNJHUNU,173.0,42818.0,21102.0,4281.8,2110.2
2013-12,2013,12,NORTHERN REGION,NORTHERN REGION,RAJASTHAN,RAJASTHAN,Jodhpur,JODHPUR,304.0,136977.0,94305.0,13697.7,9430.5
2013-12,2013,12,NORTHERN REGION,NORTHERN REGION,RAJASTHAN,RAJASTHAN,Karauli,KARAULI,76.0,14952.0,8129.0,1495.2,812.9
2013-12,2013,12,NORTHERN REGION,NORTHERN REGION,RAJASTHAN,RAJASTHAN,Kota,KOTA,194.0,90913.0,56050.0,9091.3,5605.0
2013-12,2013,12,NORTHERN REGION,NORTHERN REGION,RAJASTHAN,RAJASTHAN,Nagaur,NAGAUR,191.0,35090.0,23252.0,3509.0,2325.2
2013-12,2013,12,NORTHERN REGION,NORTHERN REGION,RAJASTHAN,RAJASTHAN,Pali,PALI,171.0,37353.0,22565.0,3735.3,2256.5
2013-12,2013,12,NORTHERN REGION,NORTHERN REGION,RAJASTHAN,RAJASTHAN,Pratapgarh,PRATAPGARH,52.0,9801.0,7992.0,980.1,799.2
2013-12,2013,12,NORTHERN REGION,NORTHERN REGION,RAJASTHAN,RAJASTHAN,Rajsamand,RAJSAMAND,92.0,24651.0,10760.0,2465.1,1076.0
2013-12,2013,12,NORTHERN REGION,NORTHERN REGION,RAJASTHAN,RAJASTHAN,Sawai Madhopur,SAWAI MADHOPUR,117.0,18879.0,13767.0,1887.9,1376.7
2013-12,2013,12,NORTHERN REGION,NORTHERN REGION,RAJASTHAN,RAJASTHAN,Sikar,SIKAR,203.0,45757.0,30437.0,4575.7,3043.7
2013-12,2013,12,NORTHERN REGION,NORTHERN REGION,RAJASTHAN,RAJASTHAN,Sirohi,SIROHI,81.0,23550.0,9749.0,2355.0,974.9
2013-12,2013,12,NORTHERN REGION,NORTHERN REGION,RAJASTHAN,RAJASTHAN,Tonk,TONK,120.0,20453.0,14930.0,2045.3,1493.0
2013-12,2013,12,NORTHERN REGION,NORTHERN REGION,RAJASTHAN,RAJASTHAN,Udaipur,UDAIPUR,261.0,133211.0,64321.0,13321.1,6432.1
2013-12,2013,12,EASTERN REGION,EASTERN REGION,SIKKIM,SIKKIM,East Sikkim,EAST SIKKIM,65.0,44647.0,10547.0,4464.7,1054.7
2013-12,2013,12,EASTERN REGION,EASTERN REGION,SIKKIM,SIKKIM,North Sikkim,NORTH SIKKIM,8.0,1039.0,407.0,103.9,40.7
2013-12,2013,12,EASTERN REGION,EASTERN REGION,SIKKIM,SIKKIM,South Sikkim,SOUTH SIKKIM,22.0,4486.0,1732.0,448.6,173.2
2013-12,2013,12,EASTERN REGION,EASTERN REGION,SIKKIM,SIKKIM,West Sikkim,WEST SIKKIM,9.0,1840.0,799.0,184.0,79.9
2013-12,2013,12,SOUTHERN REGION,SOUTHERN REGION,TAMIL NADU,TAMIL NADU,Ariyalur,ARIYALUR,58.0,8852.0,19780.0,885.2,1978.0
2013-12,2013,12,SOUTHERN REGION,SOUTHERN REGION,TAMIL NADU,TAMIL NADU,Chennai,CHENNAI,1285.0,2222698.0,2907371.0,222269.8,290737.1
2013-12,2013,12,SOUTHERN REGION,SOUTHERN REGION,TAMIL NADU,TAMIL NADU,Coimbatore,COIMBATORE,612.0,365136.0,495154.0,36513.6,49515.4
2013-12,2013,12,SOUTHERN REGION,SOUTHERN REGION,TAMIL NADU,TAMIL NADU,Cuddalore,CUDDALORE,210.0,80773.0,85010.0,8077.3,8501.0
2013-12,2013,12,SOUTHERN REGION,SOUTHERN REGION,TAMIL NADU,TAMIL NADU,Dharmapuri,DHARMAPURI,96.0,18105.0,37663.0,1810.5,3766.3
2013-12,2013,12,SOUTHERN REGION,SOUTHERN REGION,TAMIL NADU,TAMIL NADU,Dindigul,DINDIGUL,234.0,48440.0,71071.0,4844.0,7107.1
2013-12,2013,12,SOUTHERN REGION,SOUTHERN REGION,TAMIL NADU,TAMIL NADU,Erode,ERODE,293.0,87696.0,118834.0,8769.6,11883.4
2013-12,2013,12,SOUTHERN REGION,SOUTHERN REGION,TAMIL NADU,TAMIL NADU,Kancheepuram,KANCHEEPURAM,580.0,249597.0,142970.0,24959.7,14297.0
2013-12,2013,12,SOUTHERN REGION,SOUTHERN REGION,TAMIL NADU,TAMIL NADU,Kanyakumari,KANYAKUMARI,224.0,66129.0,96712.0,6612.9,9671.2
2013-12,2013,12,SOUTHERN REGION,SOUTHERN REGION,TAMIL NADU,TAMIL NADU,Karur,KARUR,127.0,78913.0,45606.0,7891.3,4560.6
2013-12,2013,12,SOUTHERN REGION,SOUTHERN REGION,TAMIL NADU,TAMIL NADU,Krishnagiri,KRISHNAGIRI,153.0,42568.0,57223.0,4256.8,5722.3
2013-12,2013,12,SOUTHERN REGION,SOUTHERN REGION,TAMIL NADU,TAMIL NADU,Madurai,MADURAI,362.0,146882.0,155862.0,14688.2,15586.2
2013-12,2013,12,SOUTHERN REGION,SOUTHERN REGION,TAMIL NADU,TAMIL NADU,Nagapattinam,NAGAPATTINAM,146.0,40999.0,39193.0,4099.9,3919.3
2013-12,2013,12,SOUTHERN REGION,SOUTHERN REGION,TAMIL NADU,TAMIL NADU,Namakkal,NAMAKKAL,199.0,50155.0,83668.0,5015.5,8366.8
2013-12,2013,12,SOUTHERN REGION,SOUTHERN REGION,TAMIL NADU,TAMIL NADU,Nilgiris,NILGIRIS,95.0,29993.0,19622.0,2999.3,1962.2
2013-12,2013,12,SOUTHERN REGION,SOUTHERN REGION,TAMIL NADU,TAMIL NADU,Perambalur,PERAMBALUR,61.0,11699.0,22252.0,1169.9,2225.2
2013-12,2013,12,SOUTHERN REGION,SOUTHERN REGION,TAMIL NADU,TAMIL NADU,Pudukkottai,PUDUKKOTTAI,159.0,28685.0,44160.0,2868.5,4416.0
2013-12,2013,12,SOUTHERN REGION,SOUTHERN REGION,TAMIL NADU,TAMIL NADU,Ramanathapuram,RAMANATHAPURAM,114.0,25098.0,33827.0,2509.8,3382.7
2013-12,2013,12,SOUTHERN REGION,SOUTHERN REGION,TAMIL NADU,TAMIL NADU,Salem,SALEM,314.0,92893.0,132103.0,9289.3,13210.3
2013-12,2013,12,SOUTHERN REGION,SOUTHERN REGION,TAMIL NADU,TAMIL NADU,Sivaganga,SIVAGANGA,200.0,43964.0,47006.0,4396.4,4700.6
2013-12,2013,12,SOUTHERN REGION,SOUTHERN REGION,TAMIL NADU,TAMIL NADU,Thanjavur,THANJAVUR,243.0,77760.0,84833.0,7776.0,8483.3
2013-12,2013,12,SOUTHERN REGION,SOUTHERN REGION,TAMIL NADU,TAMIL NADU,Theni,THENI,138.0,22651.0,51584.0,2265.1,5158.4
2013-12,2013,12,SOUTHERN REGION,SOUTHERN REGION,TAMIL NADU,TAMIL NADU,Thiruvallur,THIRUVALLUR,349.0,141530.0,95445.0,14153.0,9544.5
2013-12,2013,12,SOUTHERN REGION,SOUTHERN REGION,TAMIL NADU,TAMIL NADU,Thiruvarur,THIRUVARUR,128.0,28028.0,27504.0,2802.8,2750.4
2013-12,2013,12,SOUTHERN REGION,SOUTHERN REGION,TAMIL NADU,TAMIL NADU,Tiruchirapalli,TIRUCHIRAPALLI,324.0,136271.0,132121.0,13627.1,13212.1
2013-12,2013,12,SOUTHERN REGION,SOUTHERN REGION,TAMIL NADU,TAMIL NADU,Tirunelvali,TIRUNELVALI,309.0,94528.0,95229.0,9452.8,9522.9
2013-12,2013,12,SOUTHERN REGION,SOUTHERN REGION,TAMIL NADU,TAMIL NADU,Tiruppur,TIRUPPUR,272.0,98804.0,198248.0,9880.4,19824.8
2013-12,2013,12,SOUTHERN REGION,SOUTHERN REGION,TAMIL NADU,TAMIL NADU,Tiruvannamalai,TIRUVANNAMALAI,162.0,33298.0,44954.0,3329.8,4495.4
2013-12,2013,12,SOUTHERN REGION,SOUTHERN REGION,TAMIL NADU,TAMIL NADU,Toothukudi,TOOTHUKUDI,193.0,76842.0,65407.0,7684.2,6540.7
2013-12,2013,12,SOUTHERN REGION,SOUTHERN REGION,TAMIL NADU,TAMIL NADU,Vellore,VELLORE,310.0,89405.0,92401.0,8940.5,9240.1
2013-12,2013,12,SOUTHERN REGION,SOUTHERN REGION,TAMIL NADU,TAMIL NADU,Villupuram,VILLUPURAM,223.0,40005.0,69008.0,4000.5,6900.8
2013-12,2013,12,SOUTHERN REGION,SOUTHERN REGION,TAMIL NADU,TAMIL NADU,Virudhunagar,VIRUDHUNAGAR,201.0,59390.0,88639.0,5939.0,8863.9
2013-12,2013,12,NORTH-EASTERN REGION,NORTH EASTERN REGION,TRIPURA,TRIPURA,Dhalai,DHALAI,27.0,5140.0,2540.0,514.0,254.0
2013-12,2013,12,NORTH-EASTERN REGION,NORTH EASTERN REGION,TRIPURA,TRIPURA,Gomati,GOMATI,38.0,7697.0,2929.0,769.7,292.9
2013-12,2013,12,NORTH-EASTERN REGION,NORTH EASTERN REGION,TRIPURA,TRIPURA,Khowai,KHOWAI,21.0,5353.0,3114.0,535.3,311.4
2013-12,2013,12,NORTH-EASTERN REGION,NORTH EASTERN REGION,TRIPURA,TRIPURA,North Tripura,NORTH TRIPURA,36.0,7207.0,3227.0,720.7,322.7
2013-12,2013,12,NORTH-EASTERN REGION,NORTH EASTERN REGION,TRIPURA,TRIPURA,Sepahijala,SEPAHIJALA,31.0,7537.0,3131.0,753.7,313.1
2013-12,2013,12,NORTH-EASTERN REGION,NORTH EASTERN REGION,TRIPURA,TRIPURA,South Tripura,SOUTH TRIPURA,32.0,6646.0,2948.0,664.6,294.8
2013-12,2013,12,NORTH-EASTERN REGION,NORTH EASTERN REGION,TRIPURA,TRIPURA,Unakoti,UNAKOTI,16.0,4303.0,1957.0,430.3,195.7
2013-12,2013,12,NORTH-EASTERN REGION,NORTH EASTERN REGION,TRIPURA,TRIPURA,West Tripura,WEST TRIPURA,114.0,82656.0,20605.0,8265.6,2060.5
2013-12,2013,12,CENTRAL REGION,CENTRAL REGION,UTTAR PRADESH,UTTAR PRADESH,Agra,AGRA,425.0,187073.0,104526.0,18707.3,10452.6
2013-12,2013,12,CENTRAL REGION,CENTRAL REGION,UTTAR PRADESH,UTTAR PRADESH,Aligarh,ALIGARH,259.0,100164.0,42575.0,10016.4,4257.5
2013-12,2013,12,CENTRAL REGION,CENTRAL REGION,UTTAR PRADESH,UTTAR PRADESH,Allahabad,ALLAHABAD,417.0,228661.0,47263.0,22866.1,4726.3
2013-12,2013,12,CENTRAL REGION,CENTRAL REGION,UTTAR PRADESH,UTTAR PRADESH,Ambedkar Nagar,AMBEDKAR NAGAR,123.0,29064.0,8441.0,2906.4,844.1
2013-12,2013,12,CENTRAL REGION,CENTRAL REGION,UTTAR PRADESH,UTTAR PRADESH,Amethi,AMETHI,153.0,30443.0,11730.0,3044.3,1173.0
2013-12,2013,12,CENTRAL REGION,CENTRAL REGION,UTTAR PRADESH,UTTAR PRADESH,Auraiya,AURAIYA,81.0,17127.0,4111.0,1712.7,411.1
2013-12,2013,12,CENTRAL REGION,CENTRAL REGION,UTTAR PRADESH,UTTAR PRADESH,Azamgarh,AZAMGARH,264.0,80980.0,13664.0,8098.0,1366.4
2013-12,2013,12,CENTRAL REGION,CENTRAL REGION,UTTAR PRADESH,UTTAR PRADESH,Baghpat,BAGHPAT,95.0,19827.0,10662.0,1982.7,1066.2
2013-12,2013,12,CENTRAL REGION,CENTRAL REGION,UTTAR PRADESH,UTTAR PRADESH,Bahraich,BAHRAICH,142.0,27749.0,15375.0,2774.9,1537.5
2013-12,2013,12,CENTRAL REGION,CENTRAL REGION,UTTAR PRADESH,UTTAR PRADESH,Ballia,BALLIA,178.0,56929.0,10587.0,5692.9,1058.7
2013-12,2013,12,CENTRAL REGION,CENTRAL REGION,UTTAR PRADESH,UTTAR PRADESH,Balrampur,BALRAMPUR,93.0,21428.0,7756.0,2142.8,775.6
2013-12,2013,12,CENTRAL REGION,CENTRAL REGION,UTTAR PRADESH,UTTAR PRADESH,Banda,BANDA,118.0,24223.0,15818.0,2422.3,1581.8
2013-12,2013,12,CENTRAL REGION,CENTRAL REGION,UTTAR PRADESH,UTTAR PRADESH,Bara Banki,BARA BANKI,214.0,40364.0,20604.0,4036.4,2060.4
2013-12,2013,12,CENTRAL REGION,CENTRAL REGION,UTTAR PRADESH,UTTAR PRADESH,Bareilly,BAREILLY,323.0,98250.0,46129.0,9825.0,4612.9
2013-12,2013,12,CENTRAL REGION,CENTRAL REGION,UTTAR PRADESH,UTTAR PRADESH,Basti,BASTI,136.0,34096.0,10270.0,3409.6,1027.0
2013-12,2013,12,CENTRAL REGION,CENTRAL REGION,UTTAR PRADESH,UTTAR PRADESH,Bhim Nagar,BHIM NAGAR,102.0,18788.0,13345.0,1878.8,1334.5
2013-12,2013,12,CENTRAL REGION,CENTRAL REGION,UTTAR PRADESH,UTTAR PRADESH,Bijnor,BIJNOR,207.0,53855.0,36138.0,5385.5,3613.8
2013-12,2013,12,CENTRAL REGION,CENTRAL REGION,UTTAR PRADESH,UTTAR PRADESH,Budaun,BUDAUN,142.0,24833.0,14172.0,2483.3,1417.2
2013-12,2013,12,CENTRAL REGION,CENTRAL REGION,UTTAR PRADESH,UTTAR PRADESH,Bulandshahr,BULANDSHAHR,208.0,61167.0,33009.0,6116.7,3300.9
2013-12,2013,12,CENTRAL REGION,CENTRAL REGION,UTTAR PRADESH,UTTAR PRADESH,Chandauli,CHANDAULI,115.0,29821.0,7475.0,2982.1,747.5
2013-12,2013,12,CENTRAL REGION,CENTRAL REGION,UTTAR PRADESH,UTTAR PRADESH,Chitrakoot,CHITRAKOOT,59.0,11013.0,6297.0,1101.3,629.7
2013-12,2013,12,CENTRAL REGION,CENTRAL REGION,UTTAR PRADESH,UTTAR PRADESH,Deoria,DEORIA,169.0,53243.0,11329.0,5324.3,1132.9
2013-12,2013,12,CENTRAL REGION,CENTRAL REGION,UTTAR PRADESH,UTTAR PRADESH,Etah,ETAH,97.0,22395.0,10094.0,2239.5,1009.4
2013-12,2013,12,CENTRAL REGION,CENTRAL REGION,UTTAR PRADESH,UTTAR PRADESH,Etawah,ETAWAH,99.0,30177.0,8471.0,3017.7,847.1
2013-12,2013,12,CENTRAL REGION,CENTRAL REGION,UTTAR PRADESH,UTTAR PRADESH,Faizabad,FAIZABAD,158.0,50985.0,13257.0,5098.5,1325.7
2013-12,2013,12,CENTRAL REGION,CENTRAL REGION,UTTAR PRADESH,UTTAR PRADESH,Farrukhabad,FARRUKHABAD,105.0,28771.0,10435.0,2877.1,1043.5
2013-12,2013,12,CENTRAL REGION,CENTRAL REGION,UTTAR PRADESH,UTTAR PRADESH,Fatehpur,FATEHPUR,158.0,35811.0,11259.0,3581.1,1125.9
2013-12,2013,12,CENTRAL REGION,CENTRAL REGION,UTTAR PRADESH,UTTAR PRADESH,Firozabad,FIROZABAD,128.0,36658.0,20430.0,3665.8,2043.0
2013-12,2013,12,CENTRAL REGION,CENTRAL REGION,UTTAR PRADESH,UTTAR PRADESH,Gautam Buddha Nagar,GAUTAM BUDDHA NAGAR,365.0,537816.0,253007.0,53781.6,25300.7
2013-12,2013,12,CENTRAL REGION,CENTRAL REGION,UTTAR PRADESH,UTTAR PRADESH,Ghaziabad,GHAZIABAD,364.0,269313.0,121326.0,26931.3,12132.6
2013-12,2013,12,CENTRAL REGION,CENTRAL REGION,UTTAR PRADESH,UTTAR PRADESH,Ghazipur,GHAZIPUR,214.0,65420.0,13284.0,6542.0,1328.4
2013-12,2013,12,CENTRAL REGION,CENTRAL REGION,UTTAR PRADESH,UTTAR PRADESH,Gonda,GONDA,152.0,40281.0,16570.0,4028.1,1657.0
2013-12,2013,12,CENTRAL REGION,CENTRAL REGION,UTTAR PRADESH,UTTAR PRADESH,Gorakhpur,GORAKHPUR,308.0,158276.0,37516.0,15827.6,3751.6
2013-12,2013,12,CENTRAL REGION,CENTRAL REGION,UTTAR PRADESH,UTTAR PRADESH,Hamirpur,HAMIRPUR,82.0,15591.0,10183.0,1559.1,1018.3
2013-12,2013,12,CENTRAL REGION,CENTRAL REGION,UTTAR PRADESH,UTTAR PRADESH,Hardoi,HARDOI,198.0,39877.0,18881.0,3987.7,1888.1
2013-12,2013,12,CENTRAL REGION,CENTRAL REGION,UTTAR PRADESH,UTTAR PRADESH,Hathras,HATHRAS,113.0,24337.0,14292.0,2433.7,1429.2
2013-12,2013,12,CENTRAL REGION,CENTRAL REGION,UTTAR PRADESH,UTTAR PRADESH,Jalaun,JALAUN,109.0,25138.0,17091.0,2513.8,1709.1
2013-12,2013,12,CENTRAL REGION,CENTRAL REGION,UTTAR PRADESH,UTTAR PRADESH,Jaunpur,JAUNPUR,263.0,80491.0,15123.0,8049.1,1512.3
2013-12,2013,12,CENTRAL REGION,CENTRAL REGION,UTTAR PRADESH,UTTAR PRADESH,Jhansi,JHANSI,162.0,68952.0,26389.0,6895.2,2638.9
2013-12,2013,12,CENTRAL REGION,CENTRAL REGION,UTTAR PRADESH,UTTAR PRADESH,Jyotiba Phule Nagar,JYOTIBA PHULE NAGAR,133.0,21584.0,13071.0,2158.4,1307.1
2013-12,2013,12,CENTRAL REGION,CENTRAL REGION,UTTAR PRADESH,UTTAR PRADESH,Kanauj,KANAUJ,90.0,19892.0,9407.0,1989.2,940.7
2013-12,2013,12,CENTRAL REGION,CENTRAL REGION,UTTAR PRADESH,UTTAR PRADESH,Kanpur Dehat,KANPUR DEHAT,155.0,29247.0,10645.0,2924.7,1064.5
2013-12,2013,12,CENTRAL REGION,CENTRAL REGION,UTTAR PRADESH,UTTAR PRADESH,Kanpur Nagar,KANPUR NAGAR,505.0,468709.0,158790.0,46870.9,15879.0
2013-12,2013,12,CENTRAL REGION,CENTRAL REGION,UTTAR PRADESH,UTTAR PRADESH,Kanshiram Nagar,KANSHIRAM NAGAR,73.0,13187.0,6343.0,1318.7,634.3
2013-12,2013,12,CENTRAL REGION,CENTRAL REGION,UTTAR PRADESH,UTTAR PRADESH,Kaushambi,KAUSHAMBI,90.0,15952.0,3844.0,1595.2,384.4
2013-12,2013,12,CENTRAL REGION,CENTRAL REGION,UTTAR PRADESH,UTTAR PRADESH,Kheri,KHERI,205.0,35200.0,28901.0,3520.0,2890.1
2013-12,2013,12,CENTRAL REGION,CENTRAL REGION,UTTAR PRADESH,UTTAR PRADESH,Kushi Nagar,KUSHI NAGAR,159.0,37692.0,12862.0,3769.2,1286.2
2013-12,2013,12,CENTRAL REGION,CENTRAL REGION,UTTAR PRADESH,UTTAR PRADESH,Lalitpur,LALITPUR,67.0,15040.0,10748.0,1504.0,1074.8
2013-12,2013,12,CENTRAL REGION,CENTRAL REGION,UTTAR PRADESH,UTTAR PRADESH,Lucknow,LUCKNOW,764.0,825903.0,422408.0,82590.3,42240.8
2013-12,2013,12,CENTRAL REGION,CENTRAL REGION,UTTAR PRADESH,UTTAR PRADESH,Maharajganj,MAHARAJGANJ,122.0,23298.0,9320.0,2329.8,932.0
2013-12,2013,12,CENTRAL REGION,CENTRAL REGION,UTTAR PRADESH,UTTAR PRADESH,Mahoba,MAHOBA,49.0,12032.0,8053.0,1203.2,805.3
2013-12,2013,12,CENTRAL REGION,CENTRAL REGION,UTTAR PRADESH,UTTAR PRADESH,Mainpuri,MAINPURI,93.0,23372.0,10116.0,2337.2,1011.6
2013-12,2013,12,CENTRAL REGION,CENTRAL REGION,UTTAR PRADESH,UTTAR PRADESH,Mathura,MATHURA,246.0,68198.0,37720.0,6819.8,3772.0
2013-12,2013,12,CENTRAL REGION,CENTRAL REGION,UTTAR PRADESH,UTTAR PRADESH,Mau,MAU,126.0,39700.0,7054.0,3970.0,705.4
2013-12,2013,12,CENTRAL REGION,CENTRAL REGION,UTTAR PRADESH,UTTAR PRADESH,Meerut,MEERUT,340.0,154044.0,88637.0,15404.4,8863.7
2013-12,2013,12,CENTRAL REGION,CENTRAL REGION,UTTAR PRADESH,UTTAR PRADESH,Mirzapur,MIRZAPUR,149.0,40477.0,12833.0,4047.7,1283.3
2013-12,2013,12,CENTRAL REGION,CENTRAL REGION,UTTAR PRADESH,UTTAR PRADESH,Moradabad,MORADABAD,231.0,78972.0,48657.0,7897.2,4865.7
2013-12,2013,12,CENTRAL REGION,CENTRAL REGION,UTTAR PRADESH,UTTAR PRADESH,Muzaffarnagar,MUZAFFARNAGAR,215.0,55783.0,54899.0,5578.3,5489.9
2013-12,2013,12,CENTRAL REGION,CENTRAL REGION,UTTAR PRADESH,UTTAR PRADESH,Panchsheel Nagar,PANCHSHEEL NAGAR,95.0,25562.0,17882.0,2556.2,1788.2
2013-12,2013,12,CENTRAL REGION,CENTRAL REGION,UTTAR PRADESH,UTTAR PRADESH,Pilibhit,PILIBHIT,119.0,20472.0,16304.0,2047.2,1630.4
2013-12,2013,12,CENTRAL REGION,CENTRAL REGION,UTTAR PRADESH,UTTAR PRADESH,Prabudh Nagar,PRABUDH NAGAR,75.0,16432.0,11359.0,1643.2,1135.9
2013-12,2013,12,CENTRAL REGION,CENTRAL REGION,UTTAR PRADESH,UTTAR PRADESH,Pratapgarh,PRATAPGARH,187.0,50148.0,9095.0,5014.8,909.5
2013-12,2013,12,CENTRAL REGION,CENTRAL REGION,UTTAR PRADESH,UTTAR PRADESH,Rai Bareli,RAI BARELI,208.0,45447.0,11872.0,4544.7,1187.2
2013-12,2013,12,CENTRAL REGION,CENTRAL REGION,UTTAR PRADESH,UTTAR PRADESH,Rampur,RAMPUR,147.0,25452.0,18337.0,2545.2,1833.7
2013-12,2013,12,CENTRAL REGION,CENTRAL REGION,UTTAR PRADESH,UTTAR PRADESH,Saharanpur,SAHARANPUR,246.0,64167.0,42610.0,6416.7,4261.0
2013-12,2013,12,CENTRAL REGION,CENTRAL REGION,UTTAR PRADESH,UTTAR PRADESH,Sant Kabir Nagar,SANT KABIR NAGAR,101.0,19352.0,5460.0,1935.2,546.0
2013-12,2013,12,CENTRAL REGION,CENTRAL REGION,UTTAR PRADESH,UTTAR PRADESH,Sant Ravidas Nagar,SANT RAVIDAS NAGAR,95.0,26610.0,9725.0,2661.0,972.5
2013-12,2013,12,CENTRAL REGION,CENTRAL REGION,UTTAR PRADESH,UTTAR PRADESH,Shahjahanpur,SHAHJAHANPUR,176.0,37083.0,24174.0,3708.3,2417.4
2013-12,2013,12,CENTRAL REGION,CENTRAL REGION,UTTAR PRADESH,UTTAR PRADESH,Shravasti,SHRAVASTI,68.0,10208.0,5949.0,1020.8,594.9
2013-12,2013,12,CENTRAL REGION,CENTRAL REGION,UTTAR PRADESH,UTTAR PRADESH,Sidharthanagar,SIDHARTHANAGAR,119.0,22896.0,6963.0,2289.6,696.3
2013-12,2013,12,CENTRAL REGION,CENTRAL REGION,UTTAR PRADESH,UTTAR PRADESH,Sitapur,SITAPUR,223.0,39543.0,20241.0,3954.3,2024.1
2013-12,2013,12,CENTRAL REGION,CENTRAL REGION,UTTAR PRADESH,UTTAR PRADESH,Sonbhadra,SONBHADRA,124.0,41416.0,11249.0,4141.6,1124.9
2013-12,2013,12,CENTRAL REGION,CENTRAL REGION,UTTAR PRADESH,UTTAR PRADESH,Sultanpur,SULTANPUR,140.0,37060.0,9953.0,3706.0,995.3
2013-12,2013,12,CENTRAL REGION,CENTRAL REGION,UTTAR PRADESH,UTTAR PRADESH,Unnao,UNNAO,166.0,48677.0,12536.0,4867.7,1253.6
2013-12,2013,12,CENTRAL REGION,CENTRAL REGION,UTTAR PRADESH,UTTAR PRADESH,Varanasi,VARANASI,363.0,227064.0,64500.0,22706.4,6450.0
2013-12,2013,12,CENTRAL REGION,CENTRAL REGION,UTTARAKHAND,UTTARAKHAND,Almora,ALMORA,104.0,24251.0,5058.0,2425.1,505.8
2013-12,2013,12,CENTRAL REGION,CENTRAL REGION,UTTARAKHAND,UTTARAKHAND,Bageshwar,BAGESHWAR,38.0,7087.0,1853.0,708.7,185.3
2013-12,2013,12,CENTRAL REGION,CENTRAL REGION,UTTARAKHAND,UTTARAKHAND,Chamoli,CHAMOLI,59.0,12996.0,3270.0,1299.6,327.0
2013-12,2013,12,CENTRAL REGION,CENTRAL REGION,UTTARAKHAND,UTTARAKHAND,Champawat,CHAMPAWAT,37.0,7353.0,1834.0,735.3,183.4
2013-12,2013,12,CENTRAL REGION,CENTRAL REGION,UTTARAKHAND,UTTARAKHAND,Dehra Dun,DEHRA DUN,414.0,361897.0,74208.0,36189.7,7420.8
2013-12,2013,12,CENTRAL REGION,CENTRAL REGION,UTTARAKHAND,UTTARAKHAND,Garhwal,GARHWAL,152.0,36855.0,7373.0,3685.5,737.3
2013-12,2013,12,CENTRAL REGION,CENTRAL REGION,UTTARAKHAND,UTTARAKHAND,Haridwar,HARIDWAR,203.0,103092.0,46686.0,10309.2,4668.6
2013-12,2013,12,CENTRAL REGION,CENTRAL REGION,UTTARAKHAND,UTTARAKHAND,Nainital,NAINITAL,164.0,56976.0,21075.0,5697.6,2107.5
2013-12,2013,12,CENTRAL REGION,CENTRAL REGION,UTTARAKHAND,UTTARAKHAND,Pithoragarh,PITHORAGARH,77.0,16955.0,5077.0,1695.5,507.7
2013-12,2013,12,CENTRAL REGION,CENTRAL REGION,UTTARAKHAND,UTTARAKHAND,Rudraprayag,RUDRAPRAYAG,40.0,7442.0,1956.0,744.2,195.6
2013-12,2013,12,CENTRAL REGION,CENTRAL REGION,UTTARAKHAND,UTTARAKHAND,Tehri Garhwal,TEHRI GARHWAL,84.0,18419.0,4169.0,1841.9,416.9
2013-12,2013,12,CENTRAL REGION,CENTRAL REGION,UTTARAKHAND,UTTARAKHAND,Udham Singh Nagar,UDHAM SINGH NAGAR,221.0,53931.0,64103.0,5393.1,6410.3
2013-12,2013,12,CENTRAL REGION,CENTRAL REGION,UTTARAKHAND,UTTARAKHAND,Uttar Kashi,UTTAR KASHI,39.0,7203.0,2587.0,720.3,258.7
2013-12,2013,12,EASTERN REGION,EASTERN REGION,WEST BENGAL,WEST BENGAL,Bankura,BANKURA,216.0,70112.0,14881.0,7011.2,1488.1
2013-12,2013,12,EASTERN REGION,EASTERN REGION,WEST BENGAL,WEST BENGAL,Barddhaman,BARDDHAMAN,589.0,363671.0,95626.0,36367.1,9562.6
2013-12,2013,12,EASTERN REGION,EASTERN REGION,WEST BENGAL,WEST BENGAL,Birbhum,BIRBHUM,234.0,71861.0,16193.0,7186.1,1619.3
2013-12,2013,12,EASTERN REGION,EASTERN REGION,WEST BENGAL,WEST BENGAL,Dakshin Dinajpur,DAKSHIN DINAJPUR,87.0,19293.0,8692.0,1929.3,869.2
2013-12,2013,12,EASTERN REGION,EASTERN REGION,WEST BENGAL,WEST BENGAL,Darjiling,DARJILING,179.0,133926.0,39271.0,13392.6,3927.1
2013-12,2013,12,EASTERN REGION,EASTERN REGION,WEST BENGAL,WEST BENGAL,Haora,HAORA,339.0,196392.0,37210.0,19639.2,3721.0
2013-12,2013,12,EASTERN REGION,EASTERN REGION,WEST BENGAL,WEST BENGAL,Hugli,HUGLI,367.0,208975.0,34843.0,20897.5,3484.3
2013-12,2013,12,EASTERN REGION,EASTERN REGION,WEST BENGAL,WEST BENGAL,Jalpaiguri,JALPAIGURI,199.0,66166.0,17831.0,6616.6,1783.1
2013-12,2013,12,EASTERN REGION,EASTERN REGION,WEST BENGAL,WEST BENGAL,Koch Bihar,KOCH BIHAR,148.0,34082.0,14748.0,3408.2,1474.8
2013-12,2013,12,EASTERN REGION,EASTERN REGION,WEST BENGAL,WEST BENGAL,Kolkata,KOLKATA,1365.0,2135873.0,2169044.0,213587.3,216904.4
2013-12,2013,12,EASTERN REGION,EASTERN REGION,WEST BENGAL,WEST BENGAL,Maldah,MALDAH,183.0,49816.0,19678.0,4981.6,1967.8
2013-12,2013,12,EASTERN REGION,EASTERN REGION,WEST BENGAL,WEST BENGAL,Murshidabad,MURSHIDABAD,328.0,91184.0,28384.0,9118.4,2838.4
2013-12,2013,12,EASTERN REGION,EASTERN REGION,WEST BENGAL,WEST BENGAL,Nadia,NADIA,282.0,117020.0,25865.0,11702.0,2586.5
2013-12,2013,12,EASTERN REGION,EASTERN REGION,WEST BENGAL,WEST BENGAL,North 24 Parganas,NORTH 24 PARGANAS,694.0,629336.0,117925.0,62933.6,11792.5
2013-12,2013,12,EASTERN REGION,EASTERN REGION,WEST BENGAL,WEST BENGAL,Paschim Medinipur,PASCHIM MEDINIPUR,356.0,132629.0,40388.0,13262.9,4038.8
2013-12,2013,12,EASTERN REGION,EASTERN REGION,WEST BENGAL,WEST BENGAL,Purba Medinipur,PURBA MEDINIPUR,265.0,101257.0,27905.0,10125.7,2790.5
2013-12,2013,12,EASTERN REGION,EASTERN REGION,WEST BENGAL,WEST BENGAL,Puruliya,PURULIYA,141.0,50026.0,8451.0,5002.6,845.1
2013-12,2013,12,EASTERN REGION,EASTERN REGION,WEST BENGAL,WEST BENGAL,South 24 Parganas,SOUTH 24 PARGANAS,403.0,157990.0,48003.0,15799.0,4800.3
2013-12,2013,12,EASTERN REGION,EASTERN REGION,WEST BENGAL,WEST BENGAL,Uttar Dinajpur,UTTAR DINAJPUR,111.0,27795.0,12015.0,2779.5,1201.5
