state_name_raw,district_name_raw,state_name_match,district_name_match,reporting_offices_total,population_total_2011,_merge
ANDAMAN & NICOBAR ISLANDS,Nicobar,ANDAMAN AND NICOBAR ISLANDS,NICOBAR,3.0,,left_only
ANDHRA PRADESH,Nellore,ANDHRA PRADESH,NELLORE,332.0,,left_only
ANDHRA PRADESH,Rangareddi,ANDHRA PRADESH,RANGAREDDI,690.0,,left_only
ARUNACHAL PRADESH,Chunglang,ARUNACHAL PRADESH,CHUNGLANG,5.0,,left_only
ARUNACHAL PRADESH,Longding,ARUNACHAL PRADESH,LONGDING,3.0,,left_only
ARUNACHAL PRADESH,Papumpare,ARUNACHAL PRADESH,PAPUMPARE,39.0,,left_only
ASSAM,North Cachar Hills,ASSAM,NORTH CACHAR HILLS,19.0,,left_only
ASSAM,Sibsagar,ASSAM,SIBSAGAR,78.0,,left_only
BIHAR,Paschimi Champaran,BIHAR,PASCHIMI CHAMPARAN,152.0,,left_only
BIHAR,Purbi Champaran,BIHAR,PURBI CHAMPARAN,201.0,,left_only
CHHATTISGARH,Balod,CHHATTISGARH,BALOD,57.0,,left_only
CHHATTISGARH,Balodabazar,CHHATTISGARH,BALODABAZAR,80.0,,left_only
CHHATTISGARH,Balrampur,CHHATTISGARH,BALRAMPUR,34.0,,left_only
CHHATTISGARH,Bemetara,CHHATTISGARH,BEMETARA,45.0,,left_only
CHHATTISGARH,Dantewada,CHHATTISGARH,DANTEWADA,17.0,,left_only
CHHATTISGARH,Gariyaband,CHHATTISGARH,GARIYABAND,23.0,,left_only
CHHATTISGARH,Kanker,CHHATTISGARH,KANKER,48.0,,left_only
CHHATTISGARH,Kawardha,CHHATTISGARH,KAWARDHA,44.0,,left_only
CHHATTISGARH,Kondagaon,CHHATTISGARH,KONDAGAON,26.0,,left_only
CHHATTISGARH,Mungeli,CHHATTISGARH,MUNGELI,26.0,,left_only
CHHATTISGARH,Sukma,CHHATTISGARH,SUKMA,9.0,,left_only
CHHATTISGARH,Surajpur,CHHATTISGARH,SURAJPUR,57.0,,left_only
GUJARAT,Ahmedabad,GUJARAT,AHMEDABAD,978.0,,left_only
GUJARAT,Aravalli,GUJARAT,ARAVALLI,68.0,,left_only
GUJARAT,Botad,GUJARAT,BOTAD,40.0,,left_only
GUJARAT,Dangs,GUJARAT,DANGS,12.0,,left_only
GUJARAT,Mahisagar,GUJARAT,MAHISAGAR,50.0,,left_only
HIMACHAL PRADESH,Kulu,HIMACHAL PRADESH,KULU,85.0,,left_only
HIMACHAL PRADESH,Simla,HIMACHAL PRADESH,SIMLA,199.0,,left_only
JAMMU & KASHMIR,Bandipora,JAMMU AND KASHMIR,BANDIPORA,20.0,,left_only
JAMMU & KASHMIR,Baramulla,JAMMU AND KASHMIR,BARAMULLA,117.0,,left_only
JAMMU & KASHMIR,Poonch,JAMMU AND KASHMIR,POONCH,27.0,,left_only
JAMMU & KASHMIR,Shopian,JAMMU AND KASHMIR,SHOPIAN,24.0,,left_only
JHARKHAND,Hazaribag,JHARKHAND,HAZARIBAG,126.0,,left_only
JHARKHAND,Koderma,JHARKHAND,KODERMA,51.0,,left_only
JHARKHAND,Lohardagga,JHARKHAND,LOHARDAGGA,35.0,,left_only
JHARKHAND,Palamau,JHARKHAND,PALAMAU,100.0,,left_only
JHARKHAND,Paschimi Singhbhum,JHARKHAND,PASCHIMI SINGHBHUM,116.0,,left_only
JHARKHAND,Sahebganj,JHARKHAND,SAHEBGANJ,62.0,,left_only
JHARKHAND,Seraikela-Kharsawan,JHARKHAND,SERAIKELA KHARSAWAN,86.0,,left_only
KARNATAKA,Bagalkote,KARNATAKA,BAGALKOTE,206.0,,left_only
KARNATAKA,Bangalore Urban,KARNATAKA,BENGALURU URBAN,1848.0,,left_only
KARNATAKA,Davangere,KARNATAKA,DAVANGERE,184.0,,left_only
KARNATAKA,Udipi,KARNATAKA,UDIPI,305.0,,left_only
KERALA,Alapuzha,KERALA,ALAPUZHA,335.0,,left_only
MADHYA PRADESH,Agar-Malwa,MADHYA PRADESH,AGAR MALWA,28.0,,left_only
MADHYA PRADESH,East Nimar,MADHYA PRADESH,EAST NIMAR,83.0,,left_only
MADHYA PRADESH,West Nimar,MADHYA PRADESH,WEST NIMAR,106.0,,left_only
MAHARASHTRA,Buldhana,MAHARASHTRA,BULDHANA,151.0,,left_only
MAHARASHTRA,Gondia,MAHARASHTRA,GONDIA,82.0,,left_only
MAHARASHTRA,Nasik,MAHARASHTRA,NASIK,455.0,,left_only
MAHARASHTRA,Raigad,MAHARASHTRA,RAIGAD,329.0,,left_only
MANIPUR,Bishenpur,MANIPUR,BISHENPUR,9.0,,left_only
MEGHALAYA,Ri Bhoi,MEGHALAYA,RI BHOI,22.0,,left_only
NCT of DELHI,NCT of DELHI,DELHI,DELHI,2969.0,,left_only
ODISHA,Angul,ODISHA,ANGUL,124.0,,left_only
ODISHA,Boudh,ODISHA,BOUDH,29.0,,left_only
ODISHA,Deogarh,ODISHA,DEOGARH,27.0,,left_only
ODISHA,Jagatsinghpur,ODISHA,JAGATSINGHPUR,120.0,,left_only
ODISHA,Jajpur,ODISHA,JAJPUR,141.0,,left_only
ODISHA,Keonjhar,ODISHA,KEONJHAR,168.0,,left_only
ODISHA,Khurda,ODISHA,KHURDA,451.0,,left_only
ODISHA,Nawapara,ODISHA,NAWAPARA,42.0,,left_only
ODISHA,Nawrangpur,ODISHA,NAWRANGPUR,50.0,,left_only
ODISHA,Sonepur,ODISHA,SONEPUR,47.0,,left_only
PUNJAB,Fazilka,PUNJAB,FAZILKA,119.0,,left_only
PUNJAB,Ferozpur,PUNJAB,FEROZPUR,133.0,,left_only
PUNJAB,Pathankot,PUNJAB,PATHANKOT,92.0,,left_only
RAJASTHAN,Dholpur,RAJASTHAN,DHOLPUR,47.0,,left_only
RAJASTHAN,Jhunjhunu,RAJASTHAN,JHUNJHUNU,173.0,,left_only
SIKKIM,East Sikkim,SIKKIM,EAST SIKKIM,65.0,,left_only
SIKKIM,North Sikkim,SIKKIM,NORTH SIKKIM,8.0,,left_only
SIKKIM,South Sikkim,SIKKIM,SOUTH SIKKIM,22.0,,left_only
SIKKIM,West Sikkim,SIKKIM,WEST SIKKIM,9.0,,left_only
TAMIL NADU,Kanyakumari,TAMIL NADU,KANYAKUMARI,224.0,,left_only
TAMIL NADU,Nilgiris,TAMIL NADU,NILGIRIS,95.0,,left_only
TAMIL NADU,Tiruchirapalli,TAMIL NADU,TIRUCHIRAPALLI,324.0,,left_only
TAMIL NADU,Tirunelvali,TAMIL NADU,TIRUNELVALI,309.0,,left_only
TAMIL NADU,Toothukudi,TAMIL NADU,TOOTHUKUDI,193.0,,left_only
TAMIL NADU,Villupuram,TAMIL NADU,VILLUPURAM,223.0,,left_only
TRIPURA,Gomati,TRIPURA,GOMATI,38.0,,left_only
TRIPURA,Khowai,TRIPURA,KHOWAI,21.0,,left_only
TRIPURA,Sepahijala,TRIPURA,SEPAHIJALA,31.0,,left_only
TRIPURA,Unakoti,TRIPURA,UNAKOTI,16.0,,left_only
UTTAR PRADESH,Amethi,UTTAR PRADESH,AMETHI,153.0,,left_only
UTTAR PRADESH,Bhim Nagar,UTTAR PRADESH,BHIM NAGAR,102.0,,left_only
UTTAR PRADESH,Hathras,UTTAR PRADESH,HATHRAS,113.0,,left_only
UTTAR PRADESH,Kanauj,UTTAR PRADESH,KANAUJ,90.0,,left_only
UTTAR PRADESH,Kushi Nagar,UTTAR PRADESH,KUSHI NAGAR,159.0,,left_only
UTTAR PRADESH,Maharajganj,UTTAR PRADESH,MAHARAJGANJ,122.0,,left_only
UTTAR PRADESH,Panchsheel Nagar,UTTAR PRADESH,PANCHSHEEL NAGAR,95.0,,left_only
UTTAR PRADESH,Prabudh Nagar,UTTAR PRADESH,PRABUDH NAGAR,75.0,,left_only
UTTAR PRADESH,Rai Bareli,UTTAR PRADESH,RAI BARELI,208.0,,left_only
UTTAR PRADESH,Shravasti,UTTAR PRADESH,SHRAVASTI,68.0,,left_only
UTTAR PRADESH,Sidharthanagar,UTTAR PRADESH,SIDHARTHANAGAR,119.0,,left_only
UTTARAKHAND,Dehra Dun,UTTARAKHAND,DEHRA DUN,414.0,,left_only
UTTARAKHAND,Haridwar,UTTARAKHAND,HARIDWAR,203.0,,left_only
UTTARAKHAND,Uttar Kashi,UTTARAKHAND,UTTAR KASHI,39.0,,left_only
WEST BENGAL,North 24 Parganas,WEST BENGAL,NORTH 24 PARGANAS,694.0,,left_only
WEST BENGAL,South 24 Parganas,WEST BENGAL,SOUTH 24 PARGANAS,403.0,,left_only
