state,scheme,geo_level,download_status,data_type,source_url,local_file,notes
Uttar Pradesh,Mukhyamantri Kanya Sumangala Yojana,district,downloaded,raw JSON + parsed CSV,https://mksy.up.gov.in/women_welfare/map/mapDataJson.json,/Users/shubhampareek/Desktop/Code Agents/analysis/india_women_financial_inclusion/downloads/state_women_dbt/uttar_pradesh/mksy_up_district_metrics.csv,75 district rows. KPI labels are partially undocumented on the public page; kpi1 and kpi4 have visible English labels on the dashboard page.
Maharashtra,Mukhyamantri Majhi Ladki Bahin Yojana,state,downloaded,live portal API JSON + parsed CSV,https://ladkibahinapi.dasberry.com/application/get-application-statuses-count,/Users/shubhampareek/Desktop/Code Agents/analysis/india_women_financial_inclusion/downloads/state_women_dbt/maharashtra/ladki_bahin_state_counts.csv,Official portal uses this API. Publicly accessible endpoint returns totalCount and approved.
Jharkhand,Mukhyamantri Maiya Samman Yojana,state,downloaded,official press release PDF + parsed CSV,https://cm.jharkhand.gov.in/sites/default/files/press-release/2025-01/Press_Release-1-06-01-2025%28Hindi%29.pdf,/Users/shubhampareek/Desktop/Code Agents/analysis/india_women_financial_inclusion/downloads/state_women_dbt/jharkhand/mmsy_state_release_2025-01-06.csv,"Extracted state-level beneficiary, DBT amount, and monthly benefit from the CM press release."
West Bengal,Lakshmir Bhandar,state/report-study,downloaded,official portal PDF report,https://socialsecurity.wb.gov.in/lokkhiBhandar/storage/app/public_doc/Lakshmir%20Bhandar%20Report%20-%20Pratichi%20Trust.pdf,/Users/shubhampareek/Desktop/Code Agents/analysis/india_women_financial_inclusion/downloads/state_women_dbt/west_bengal/lakshmir_bhandar_official_report_pratichi_trust.pdf,Accessible only with legacy TLS negotiation from this environment. Report contains analytical district-level discussion but not a simple beneficiary CSV.
Madhya Pradesh,Mukhyamantri Ladli Behna Yojana,district,downloaded_with_caution,official PDF parsed to CSV,https://www.mpinfo.org/mpinfoNew/Uploads/PDF/Saturday%2C%20March%2025%2C%202023/D-250323111037.pdf,/Users/shubhampareek/Desktop/Code Agents/analysis/india_women_financial_inclusion/downloads/state_women_dbt/madhya_pradesh/ladli_behna_mpinfo_district_counts_unlabeled.csv,"District counts extracted, but the PDF does not label what the count represents. Keep as supporting administrative data only until validated."
Madhya Pradesh,Mukhyamantri Ladli Behna Yojana,state,supporting_doc_downloaded,official bulletin PDF,https://www.mpinfo.org/mpinfostatic/hindi/e-rojgar/2025/eRojgar-27-Jan-2025-To-02-Feb-2025.pdf,/Users/shubhampareek/Desktop/Code Agents/analysis/india_women_financial_inclusion/downloads/state_women_dbt/madhya_pradesh/mpinfo_erojgar_2025-01-27_to_2025-02-02.pdf,Large official MP bulletin downloaded; not yet parsed into a clean scheme table.
Odisha,Subhadra Yojana,state,official_source_verified_not_downloaded,official guideline / blocked portal,https://wcd.odisha.gov.in/en/node/184943,,The WCD guideline page is reachable and points to /sites/default/files/2024-08/Subhadra%20Guideline%20Odia.pdf. The main Subhadra portal returned a 403 WAF block from this environment.
Assam,Orunodoi,state,official_source_verified_not_downloaded,official finance PDFs,https://finance.assam.gov.in/sites/default/files/swf_utility_folder/departments/agriculture_com_oid_2/menu/document/gender_budget_2024_25.pdf,,"Official finance URLs were identified, but repeated connection timeouts prevented download from this environment."
Chhattisgarh,Mahtari Vandan Yojana,state,official_source_verified_not_downloaded,official finance PDF / portal timeout,https://finance.cg.gov.in/budget_doc/2026-2027/key_Highlight/Key_Highlight-E.pdf,,State DBT portal and finance PDF endpoints timed out from this environment. Official URLs have been verified via search results.
